[
    {
        "message_id": "synthetic_08b_001",
        "team_id": "team_alpha",
        "sender_id": "user_32",
        "receiver_ids": ["user_15"],
        "timestamp": "2024-05-03T09:35:00Z",
        "source": "synthetic",
        "text": "The methodology section needs to be reorganized for clarity. Right now the steps are presented out of chronological order.",
        "feedback_category": "revision_request",
        "feedback_type": "negative",
        "intent": "constructive",
        "bias_cue": "no"
    },
    {
        "message_id": "synthetic_08b_002",
        "team_id": "team_beta",
        "sender_id": "user_47",
        "receiver_ids": ["user_23"],
        "timestamp": "2024-05-03T09:35:00Z",
        "source": "synthetic",
        "text": "Several of the citations in your section don't match the references listed. We should correct these before submitting.",
        "feedback_category": "revision_request",
        "feedback_type": "negative",
        "intent": "constructive",
        "bias_cue": "no"
    },
    {
        "message_id": "synthetic_08b_003",
        "team_id": "team_gamma",
        "sender_id": "user_88",
        "receiver_ids": ["user_56"],
        "timestamp": "2024-05-03T09:35:00Z",
        "source": "synthetic",
        "text": "The data visualization on slide 7 is misleading because the y-axis doesn't start at zero. We need to adjust it to represent the data accurately.",
        "feedback_category": "revision_request",
        "feedback_type": "negative",
        "intent": "constructive",
        "bias_cue": "no"
    },
    {
        "message_id": "synthetic_08b_004",
        "team_id": "team_delta",
        "sender_id": "user_14",
        "receiver_ids": ["user_67"],
        "timestamp": "2024-05-03T09:35:00Z",
        "source": "synthetic",
        "text": "The conclusion repeats points from the introduction without adding new insight. Can you revise it to summarize our key findings instead?",
        "feedback_category": "revision_request",
        "feedback_type": "negative",
        "intent": "constructive",
        "bias_cue": "no"
    },
    {
        "message_id": "synthetic_08b_005",
        "team_id": "team_epsilon",
        "sender_id": "user_92",
        "receiver_ids": ["user_41"],
        "timestamp": "2024-05-03T09:35:00Z",
        "source": "synthetic",
        "text": "The code you submitted has inconsistent variable naming conventions. Let's standardize them according to the style guide we agreed on.",
        "feedback_category": "revision_request",
        "feedback_type": "negative",
        "intent": "constructive",
        "bias_cue": "no"
    },
    {
        "message_id": "synthetic_08b_006",
        "team_id": "team_zeta",
        "sender_id": "user_05",
        "receiver_ids": ["user_73"],
        "timestamp": "2024-05-03T09:35:00Z",
        "source": "synthetic",
        "text": "The budget section contains some calculation errors in the materials subtotal. Please recalculate and update the figures.",
        "feedback_category": "revision_request",
        "feedback_type": "negative",
        "intent": "constructive",
        "bias_cue": "no"
    },
    {
        "message_id": "synthetic_08b_007",
        "team_id": "team_eta",
        "sender_id": "user_28",
        "receiver_ids": ["user_81"],
        "timestamp": "2024-05-03T09:35:00Z",
        "source": "synthetic",
        "text": "The survey questions have overlapping response options that could confuse participants. We should revise the multiple-choice selections.",
        "feedback_category": "revision_request",
        "feedback_type": "negative",
        "intent": "constructive",
        "bias_cue": "no"
    },
    {
        "message_id": "synthetic_08b_008",
        "team_id": "team_theta",
        "sender_id": "user_39",
        "receiver_ids": ["user_62"],
        "timestamp": "2024-05-03T09:35:00Z",
        "source": "synthetic",
        "text": "Your literature review section has several paragraphs without proper citations. We need to add references to support those claims.",
        "feedback_category": "revision_request",
        "feedback_type": "negative",
        "intent": "constructive",
        "bias_cue": "no"
    },
    {
        "message_id": "synthetic_08b_009",
        "team_id": "team_iota",
        "sender_id": "user_77",
        "receiver_ids": ["user_19"],
        "timestamp": "2024-05-03T09:35:00Z",
        "source": "synthetic",
        "text": "The presentation slides have inconsistent formatting between sections. Let's apply the same template to all of them.",
        "feedback_category": "revision_request",
        "feedback_type": "negative",
        "intent": "constructive",
        "bias_cue": "no"
    },
    {
        "message_id": "synthetic_08b_010",
        "team_id": "team_kappa",
        "sender_id": "user_03",
        "receiver_ids": ["user_44"],
        "timestamp": "2024-05-03T09:35:00Z",
        "source": "synthetic",
        "text": "The project timeline doesn't account for the professor's feedback period. We should add a buffer week before the final submission.",
        "feedback_category": "revision_request",
        "feedback_type": "negative",
        "intent": "constructive",
        "bias_cue": "no"
    },
    {
        "message_id": "synthetic_08b_011",
        "team_id": "team_lambda",
        "sender_id": "user_60",
        "receiver_ids": ["user_27"],
        "timestamp": "2024-05-03T09:35:00Z",
        "source": "synthetic",
        "text": "The wireframes are missing connection points between key user flows. We need to add navigation paths to show how screens relate.",
        "feedback_category": "revision_request",
        "feedback_type": "negative",
        "intent": "constructive",
        "bias_cue": "no"
    },
    {
        "message_id": "synthetic_08b_012",
        "team_id": "team_mu",
        "sender_id": "user_91",
        "receiver_ids": ["user_34"],
        "timestamp": "2024-05-03T09:35:00Z",
        "source": "synthetic",
        "text": "The executive summary is too technical for a general audience. Can you simplify the language to make it more accessible?",
        "feedback_category": "revision_request",
        "feedback_type": "negative",
        "intent": "constructive",
        "bias_cue": "no"
    },
    {
        "message_id": "synthetic_08b_013",
        "team_id": "team_nu",
        "sender_id": "user_22",
        "receiver_ids": ["user_58"],
        "timestamp": "2024-05-03T09:35:00Z",
        "source": "synthetic",
        "text": "The dataset you cleaned still has some outliers that skew the initial analysis. We should address these before running final models.",
        "feedback_category": "revision_request",
        "feedback_type": "negative",
        "intent": "constructive",
        "bias_cue": "no"
    },
    {
        "message_id": "synthetic_08b_014",
        "team_id": "team_xi",
        "sender_id": "user_46",
        "receiver_ids": ["user_79"],
        "timestamp": "2024-05-03T09:35:00Z",
        "source": "synthetic",
        "text": "The poster design has text that's too small to read from a distance. We need to increase the font sizes and reduce the word count.",
        "feedback_category": "revision_request",
        "feedback_type": "negative",
        "intent": "constructive",
        "bias_cue": "no"
    },
    {
        "message_id": "synthetic_08b_015",
        "team_id": "team_omicron",
        "sender_id": "user_17",
        "receiver_ids": ["user_50"],
        "timestamp": "2024-05-03T09:35:00Z",
        "source": "synthetic",
        "text": "The interview analysis jumps to conclusions without sufficient evidence from the quotes. We should strengthen the connection between data and interpretation.",
        "feedback_category": "revision_request",
        "feedback_type": "negative",
        "intent": "constructive",
        "bias_cue": "no"
    },
    {
        "message_id": "synthetic_08b_016",
        "team_id": "team_pi",
        "sender_id": "user_63",
        "receiver_ids": ["user_08"],
        "timestamp": "2024-05-03T09:35:00Z",
        "source": "synthetic",
        "text": "The test plan doesn't cover all the user scenarios we identified. We should add cases for error handling and edge conditions.",
        "feedback_category": "revision_request",
        "feedback_type": "negative",
        "intent": "constructive",
        "bias_cue": "no"
    },
    {
        "message_id": "synthetic_08b_017",
        "team_id": "team_rho",
        "sender_id": "user_25",
        "receiver_ids": ["user_70"],
        "timestamp": "2024-05-03T09:35:00Z",
        "source": "synthetic",
        "text": "The references in your section use multiple citation styles. We need to convert everything to APA format for consistency.",
        "feedback_category": "revision_request",
        "feedback_type": "negative",
        "intent": "constructive",
        "bias_cue": "no"
    },
    {
        "message_id": "synthetic_08b_018",
        "team_id": "team_sigma",
        "sender_id": "user_84",
        "receiver_ids": ["user_37"],
        "timestamp": "2024-05-03T09:35:00Z",
        "source": "synthetic",
        "text": "The user personas lack specific demographic details that would inform design decisions. Can you add age ranges and tech proficiency levels?",
        "feedback_category": "revision_request",
        "feedback_type": "negative",
        "intent": "constructive",
        "bias_cue": "no"
    },
    {
        "message_id": "synthetic_08b_019",
        "team_id": "team_tau",
        "sender_id": "user_11",
        "receiver_ids": ["user_66"],
        "timestamp": "2024-05-03T09:35:00Z",
        "source": "synthetic",
        "text": "The risk assessment matrix lists consequences without corresponding probabilities. We should add likelihood estimates for each risk.",
        "feedback_category": "revision_request",
        "feedback_type": "negative",
        "intent": "constructive",
        "bias_cue": "no"
    },
    {
        "message_id": "synthetic_08b_020",
        "team_id": "team_upsilon",
        "sender_id": "user_53",
        "receiver_ids": ["user_29"],
        "timestamp": "2024-05-03T09:35:00Z",
        "source": "synthetic",
        "text": "The system architecture diagram uses inconsistent symbols for similar components. Let's standardize the shapes and labels.",
        "feedback_category": "revision_request",
        "feedback_type": "negative",
        "intent": "constructive",
        "bias_cue": "no"
    },
    {
        "message_id": "synthetic_08b_021",
        "team_id": "team_phi",
        "sender_id": "user_72",
        "receiver_ids": ["user_96"],
        "timestamp": "2024-05-03T09:35:00Z",
        "source": "synthetic",
        "text": "The comparative analysis table is missing two key competitors we discussed. We should add columns for those before finalizing.",
        "feedback_category": "revision_request",
        "feedback_type": "negative",
        "intent": "constructive",
        "bias_cue": "no"
    },
    {
        "message_id": "synthetic_08b_022",
        "team_id": "team_chi",
        "sender_id": "user_38",
        "receiver_ids": ["user_01"],
        "timestamp": "2024-05-03T09:35:00Z",
        "source": "synthetic",
        "text": "The statistical analysis uses parametric tests without checking if the data meets normality assumptions. We need to verify or use non-parametric alternatives.",
        "feedback_category": "revision_request",
        "feedback_type": "negative",
        "intent": "constructive",
        "bias_cue": "no"
    },
    {
        "message_id": "synthetic_08b_023",
        "team_id": "team_psi",
        "sender_id": "user_45",
        "receiver_ids": ["user_87"],
        "timestamp": "2024-05-03T09:35:00Z",
        "source": "synthetic",
        "text": "The video presentation has background music that occasionally drowns out the narration. We should adjust the audio levels before exporting.",
        "feedback_category": "revision_request",
        "feedback_type": "negative",
        "intent": "constructive",
        "bias_cue": "no"
    },
    {
        "message_id": "synthetic_08b_024",
        "team_id": "team_omega",
        "sender_id": "user_69",
        "receiver_ids": ["user_12"],
        "timestamp": "2024-05-03T09:35:00Z",
        "source": "synthetic",
        "text": "The case study examples don't connect back to our theoretical framework. We should explicitly link them to the concepts we're discussing.",
        "feedback_category": "revision_request",
        "feedback_type": "negative",
        "intent": "constructive",
        "bias_cue": "no"
    },
    {
        "message_id": "synthetic_08b_025",
        "team_id": "team_alpha2",
        "sender_id": "user_31",
        "receiver_ids": ["user_74"],
        "timestamp": "2024-05-03T09:35:00Z",
        "source": "synthetic",
        "text": "The annotated bibliography entries vary in depth and detail. We should ensure each one includes both summary and critical evaluation.",
        "feedback_category": "revision_request",
        "feedback_type": "negative",
        "intent": "constructive",
        "bias_cue": "no"
    },
     {
    "message_id": "synthetic_Brev_02_001",
    "block_id": "B_neg_revision_constructive",
    "team_id": "team_alpha",
    "sender_id": "user_a1",
    "receiver_ids": ["user_b1"],
    "timestamp": "2024-05-03T09:35:00Z",
    "source": "synthetic",
    "text": "The analysis section needs stronger justification for the statistical methods chosen. Right now it reads as if we just picked them at random.",
    "feedback_category": "revision_request",
    "feedback_type": "negative",
    "intent": "constructive",
    "bias_cue": "no"
  },
  {
    "message_id": "synthetic_Brev_02_002",
    "block_id": "B_neg_revision_constructive",
    "team_id": "team_beta",
    "sender_id": "user_a2",
    "receiver_ids": ["user_b2"],
    "timestamp": "2024-05-03T09:40:00Z",
    "source": "synthetic",
    "text": "Your data visualization doesn't align with the story we're telling in the presentation. Could you adjust the chart to highlight the key trend we discussed?",
    "feedback_category": "revision_request",
    "feedback_type": "negative",
    "intent": "constructive",
    "bias_cue": "no"
  },
  {
    "message_id": "synthetic_Brev_02_003",
    "block_id": "B_neg_revision_constructive",
    "team_id": "team_gamma",
    "sender_id": "user_a3",
    "receiver_ids": ["user_b3"],
    "timestamp": "2024-05-03T09:45:00Z",
    "source": "synthetic",
    "text": "The methodology description is missing critical details about the control group setup. Without this, the experiment isn't reproducible.",
    "feedback_category": "revision_request",
    "feedback_type": "negative",
    "intent": "constructive",
    "bias_cue": "no"
  },
  {
    "message_id": "synthetic_Brev_02_004",
    "block_id": "B_neg_revision_constructive",
    "team_id": "team_delta",
    "sender_id": "user_a4",
    "receiver_ids": ["user_b4"],
    "timestamp": "2024-05-03T09:50:00Z",
    "source": "synthetic",
    "text": "Your code comments are too sparse for someone else to understand the logic. Please add explanations for each major function.",
    "feedback_category": "revision_request",
    "feedback_type": "negative",
    "intent": "constructive",
    "bias_cue": "no"
  },
  {
    "message_id": "synthetic_Brev_02_005",
    "block_id": "B_neg_revision_constructive",
    "team_id": "team_epsilon",
    "sender_id": "user_a5",
    "receiver_ids": ["user_b5"],
    "timestamp": "2024-05-03T09:55:00Z",
    "source": "synthetic",
    "text": "The introduction jumps straight into details without establishing the broader research context. It needs a stronger opening paragraph.",
    "feedback_category": "revision_request",
    "feedback_type": "negative",
    "intent": "constructive",
    "bias_cue": "no"
  },
  {
    "message_id": "synthetic_Brev_02_006",
    "block_id": "B_neg_revision_constructive",
    "team_id": "team_zeta",
    "sender_id": "user_a6",
    "receiver_ids": ["user_b6"],
    "timestamp": "2024-05-03T10:00:00Z",
    "source": "synthetic",
    "text": "The survey questions in the appendix are leading and could introduce bias. They should be rephrased to be more neutral.",
    "feedback_category": "revision_request",
    "feedback_type": "negative",
    "intent": "constructive",
    "bias_cue": "no"
  },
  {
    "message_id": "synthetic_Brev_02_007",
    "block_id": "B_neg_revision_constructive",
    "team_id": "team_eta",
    "sender_id": "user_a7",
    "receiver_ids": ["user_b7"],
    "timestamp": "2024-05-03T10:05:00Z",
    "source": "synthetic",
    "text": "The wireframe for the user interface doesn't account for accessibility standards. We need to revise the layout to include keyboard navigation cues.",
    "feedback_category": "revision_request",
    "feedback_type": "negative",
    "intent": "constructive",
    "bias_cue": "no"
  },
  {
    "message_id": "synthetic_Brev_02_008",
    "block_id": "B_neg_revision_constructive",
    "team_id": "team_theta",
    "sender_id": "user_a8",
    "receiver_ids": ["user_b8"],
    "timestamp": "2024-05-03T10:10:00Z",
    "source": "synthetic",
    "text": "Your conclusions are extrapolating beyond what our data actually supports. The final paragraph should be scaled back to match our findings.",
    "feedback_category": "revision_request",
    "feedback_type": "negative",
    "intent": "constructive",
    "bias_cue": "no"
  },
  {
    "message_id": "synthetic_Brev_02_009",
    "block_id": "B_neg_revision_constructive",
    "team_id": "team_iota",
    "sender_id": "user_a9",
    "receiver_ids": ["user_b9"],
    "timestamp": "2024-05-03T10:15:00Z",
    "source": "synthetic",
    "text": "The budget breakdown in the proposal uses outdated price estimates. Please update it with current vendor quotes before we submit.",
    "feedback_category": "revision_request",
    "feedback_type": "negative",
    "intent": "constructive",
    "bias_cue": "no"
  },
  {
    "message_id": "synthetic_Brev_02_010",
    "block_id": "B_neg_revision_constructive",
    "team_id": "team_kappa",
    "sender_id": "user_a10",
    "receiver_ids": ["user_b10"],
    "timestamp": "2024-05-03T10:20:00Z",
    "source": "synthetic",
    "text": "The transcript of the client interview has several inaccuracies that change the meaning of their statements. A careful review and correction is needed.",
    "feedback_category": "revision_request",
    "feedback_type": "negative",
    "intent": "constructive",
    "bias_cue": "no"
  },
  {
    "message_id": "synthetic_Brev_02_011",
    "block_id": "B_neg_revision_constructive",
    "team_id": "team_lambda",
    "sender_id": "user_a11",
    "receiver_ids": ["user_b11"],
    "timestamp": "2024-05-03T10:25:00Z",
    "source": "synthetic",
    "text": "The algorithm's pseudocode has logical inconsistencies between steps 3 and 4. These need to be resolved before we start coding.",
    "feedback_category": "revision_request",
    "feedback_type": "negative",
    "intent": "constructive",
    "bias_cue": "no"
  },
  {
    "message_id": "synthetic_Brev_02_012",
    "block_id": "B_neg_revision_constructive",
    "team_id": "team_mu",
    "sender_id": "user_a12",
    "receiver_ids": ["user_b12"],
    "timestamp": "2024-05-03T10:30:00Z",
    "source": "synthetic",
    "text": "The literature review section is just a list of summaries without a critical synthesis. It should connect the studies to our research gap.",
    "feedback_category": "revision_request",
    "feedback_type": "negative",
    "intent": "constructive",
    "bias_cue": "no"
  },
  {
    "message_id": "synthetic_Brev_02_013",
    "block_id": "B_neg_revision_constructive",
    "team_id": "team_nu",
    "sender_id": "user_a13",
    "receiver_ids": ["user_b13"],
    "timestamp": "2024-05-03T10:35:00Z",
    "source": "synthetic",
    "text": "The project timeline in the Gantt chart has overlapping dependencies that aren't possible. The sequencing needs to be corrected.",
    "feedback_category": "revision_request",
    "feedback_type": "negative",
    "intent": "constructive",
    "bias_cue": "no"
  },
  {
    "message_id": "synthetic_Brev_02_014",
    "block_id": "B_neg_revision_constructive",
    "team_id": "team_xi",
    "sender_id": "user_a14",
    "receiver_ids": ["user_b14"],
    "timestamp": "2024-05-03T10:40:00Z",
    "source": "synthetic",
    "text": "The user personas lack specific pain points relevant to our solution. They should be refined to better guide our design decisions.",
    "feedback_category": "revision_request",
    "feedback_type": "negative",
    "intent": "constructive",
    "bias_cue": "no"
  },
  {
    "message_id": "synthetic_Brev_02_015",
    "block_id": "B_neg_revision_constructive",
    "team_id": "team_omicron",
    "sender_id": "user_a15",
    "receiver_ids": ["user_b15"],
    "timestamp": "2024-05-03T10:45:00Z",
    "source": "synthetic",
    "text": "The risk assessment matrix doesn't include any mitigation strategies for the high-probability risks. That section must be expanded.",
    "feedback_category": "revision_request",
    "feedback_type": "negative",
    "intent": "constructive",
    "bias_cue": "no"
  },
  {
    "message_id": "synthetic_Brev_02_016",
    "block_id": "B_neg_revision_constructive",
    "team_id": "team_pi",
    "sender_id": "user_a16",
    "receiver_ids": ["user_b16"],
    "timestamp": "2024-05-03T10:50:00Z",
    "source": "synthetic",
    "text": "The slides for the midterm presentation are too text-heavy. They should be redesigned to use more visuals and bullet points.",
    "feedback_category": "revision_request",
    "feedback_type": "negative",
    "intent": "constructive",
    "bias_cue": "no"
  },
  {
    "message_id": "synthetic_Brev_02_017",
    "block_id": "B_neg_revision_constructive",
    "team_id": "team_rho",
    "sender_id": "user_a17",
    "receiver_ids": ["user_b17"],
    "timestamp": "2024-05-03T10:55:00Z",
    "source": "synthetic",
    "text": "The data cleaning script removes outliers too aggressively, potentially losing valid data points. The threshold needs adjustment.",
    "feedback_category": "revision_request",
    "feedback_type": "negative",
    "intent": "constructive",
    "bias_cue": "no"
  },
  {
    "message_id": "synthetic_Brev_02_018",
    "block_id": "B_neg_revision_constructive",
    "team_id": "team_sigma",
    "sender_id": "user_a18",
    "receiver_ids": ["user_b18"],
    "timestamp": "2024-05-03T11:00:00Z",
    "source": "synthetic",
    "text": "The discussion section repeats the results without interpreting them. It needs to explain what the findings mean for our hypothesis.",
    "feedback_category": "revision_request",
    "feedback_type": "negative",
    "intent": "constructive",
    "bias_cue": "no"
  },
  {
    "message_id": "synthetic_Brev_02_019",
    "block_id": "B_neg_revision_constructive",
    "team_id": "team_tau",
    "sender_id": "user_a19",
    "receiver_ids": ["user_b19"],
    "timestamp": "2024-05-03T11:05:00Z",
    "source": "synthetic",
    "text": "The test cases for the login module don't cover edge cases like expired passwords. The test plan should be more comprehensive.",
    "feedback_category": "revision_request",
    "feedback_type": "negative",
    "intent": "constructive",
    "bias_cue": "no"
  },
  {
    "message_id": "synthetic_Brev_02_020",
    "block_id": "B_neg_revision_constructive",
    "team_id": "team_upsilon",
    "sender_id": "user_a20",
    "receiver_ids": ["user_b20"],
    "timestamp": "2024-05-03T11:10:00Z",
    "source": "synthetic",
    "text": "The ethical considerations paragraph is generic and doesn't address the specific privacy concerns of our study. It requires a rewrite.",
    "feedback_category": "revision_request",
    "feedback_type": "negative",
    "intent": "constructive",
    "bias_cue": "no"
  },
  {
    "message_id": "synthetic_Brev_02_021",
    "block_id": "B_neg_revision_constructive",
    "team_id": "team_phi",
    "sender_id": "user_a21",
    "receiver_ids": ["user_b21"],
    "timestamp": "2024-05-03T11:15:00Z",
    "source": "synthetic",
    "text": "The architectural diagram uses non-standard symbols that are confusing. Please update it using the notation we agreed on.",
    "feedback_category": "revision_request",
    "feedback_type": "negative",
    "intent": "constructive",
    "bias_cue": "no"
  },
  {
    "message_id": "synthetic_Brev_02_022",
    "block_id": "B_neg_revision_constructive",
    "team_id": "team_chi",
    "sender_id": "user_a22",
    "receiver_ids": ["user_b22"],
    "timestamp": "2024-05-03T11:20:00Z",
    "source": "synthetic",
    "text": "The survey response rate analysis is missing a comparison to the population demographics. This gap weakens the representativeness claim.",
    "feedback_category": "revision_request",
    "feedback_type": "negative",
    "intent": "constructive",
    "bias_cue": "no"
  },
  {
    "message_id": "synthetic_Brev_02_023",
    "block_id": "B_neg_revision_constructive",
    "team_id": "team_psi",
    "sender_id": "user_a23",
    "receiver_ids": ["user_b23"],
    "timestamp": "2024-05-03T11:25:00Z",
    "source": "synthetic",
    "text": "The voiceover in the demo video is out of sync with the screen actions. The timing needs to be fixed before we publish it.",
    "feedback_category": "revision_request",
    "feedback_type": "negative",
    "intent": "constructive",
    "bias_cue": "no"
  },
  {
    "message_id": "synthetic_Brev_02_024",
    "block_id": "B_neg_revision_constructive",
    "team_id": "team_omega",
    "sender_id": "user_a24",
    "receiver_ids": ["user_b24"],
    "timestamp": "2024-05-03T11:30:00Z",
    "source": "synthetic",
    "text": "The appendix materials are not referenced in the main body of the report. We should add callouts where readers should consult them.",
    "feedback_category": "revision_request",
    "feedback_type": "negative",
    "intent": "constructive",
    "bias_cue": "no"
  },
  {
    "message_id": "synthetic_Brev_02_025",
    "block_id": "B_neg_revision_constructive",
    "team_id": "team_alpha",
    "sender_id": "user_a25",
    "receiver_ids": ["user_b25"],
    "timestamp": "2024-05-03T11:35:00Z",
    "source": "synthetic",
    "text": "The comparative analysis table mixes different units of measurement, making it misleading. The data should be normalized for a fair comparison.",
    "feedback_category": "revision_request",
    "feedback_type": "negative",
    "intent": "constructive",
    "bias_cue": "no"
  },
  {
    "message_id": "synthetic_Brev_02_026",
    "block_id": "B_neg_revision_constructive",
    "team_id": "team_beta",
    "sender_id": "user_a26",
    "receiver_ids": ["user_b26"],
    "timestamp": "2024-05-03T11:40:00Z",
    "source": "synthetic",
    "text": "The project's success metrics are not SMART. They should be revised to be specific, measurable, and time-bound.",
    "feedback_category": "revision_request",
    "feedback_type": "negative",
    "intent": "constructive",
    "bias_cue": "no"
  },
  {
    "message_id": "synthetic_Brev_02_027",
    "block_id": "B_neg_revision_constructive",
    "team_id": "team_gamma",
    "sender_id": "user_a27",
    "receiver_ids": ["user_b27"],
    "timestamp": "2024-05-03T11:45:00Z",
    "source": "synthetic",
    "text": "The code repository's README file doesn't explain how to set up the development environment. This is essential for anyone trying to run our project.",
    "feedback_category": "revision_request",
    "feedback_type": "negative",
    "intent": "constructive",
    "bias_cue": "no"
  },
  {
    "message_id": "synthetic_Brev_02_028",
    "block_id": "B_neg_revision_constructive",
    "team_id": "team_delta",
    "sender_id": "user_a28",
    "receiver_ids": ["user_b28"],
    "timestamp": "2024-05-03T11:50:00Z",
    "source": "synthetic",
    "text": "The stakeholder interview summaries lack direct quotes to support the insights. Adding them would strengthen our evidence.",
    "feedback_category": "revision_request",
    "feedback_type": "negative",
    "intent": "constructive",
    "bias_cue": "no"
  },
  {
    "message_id": "synthetic_Brev_02_029",
    "block_id": "B_neg_revision_constructive",
    "team_id": "team_epsilon",
    "sender_id": "user_a29",
    "receiver_ids": ["user_b29"],
    "timestamp": "2024-05-03T11:55:00Z",
    "source": "synthetic",
    "text": "The heat map in the results section uses a color palette that isn't colorblind-friendly. We should choose an accessible alternative.",
    "feedback_category": "revision_request",
    "feedback_type": "negative",
    "intent": "constructive",
    "bias_cue": "no"
  },
  {
    "message_id": "synthetic_Brev_02_030",
    "block_id": "B_neg_revision_constructive",
    "team_id": "team_zeta",
    "sender_id": "user_a30",
    "receiver_ids": ["user_b30"],
    "timestamp": "2024-05-03T12:00:00Z",
    "source": "synthetic",
    "text": "The abstract is too technical and jargon-heavy for a general audience. It should be rewritten to be more accessible.",
    "feedback_category": "revision_request",
    "feedback_type": "negative",
    "intent": "constructive",
    "bias_cue": "no"
  },
  {
    "message_id": "synthetic_Brev_02_031",
    "block_id": "B_neg_revision_constructive",
    "team_id": "team_eta",
    "sender_id": "user_a31",
    "receiver_ids": ["user_b31"],
    "timestamp": "2024-05-03T12:05:00Z",
    "source": "synthetic",
    "text": "The project charter has conflicting objectives between the scope and deliverables sections. These need to be aligned.",
    "feedback_category": "revision_request",
    "feedback_type": "negative",
    "intent": "constructive",
    "bias_cue": "no"
  },
  {
    "message_id": "synthetic_Brev_02_032",
    "block_id": "B_neg_revision_constructive",
    "team_id": "team_theta",
    "sender_id": "user_a32",
    "receiver_ids": ["user_b32"],
    "timestamp": "2024-05-03T12:10:00Z",
    "source": "synthetic",
    "text": "The user manual for our prototype assumes prior technical knowledge. It should include more basic step-by-step instructions.",
    "feedback_category": "revision_request",
    "feedback_type": "negative",
    "intent": "constructive",
    "bias_cue": "no"
  },
  {
    "message_id": "synthetic_Brev_02_033",
    "block_id": "B_neg_revision_constructive",
    "team_id": "team_iota",
    "sender_id": "user_a33",
    "receiver_ids": ["user_b33"],
    "timestamp": "2024-05-03T12:15:00Z",
    "source": "synthetic",
    "text": "The cost-benefit analysis uses unrealistic assumptions about time savings. The figures should be grounded in our pilot study data.",
    "feedback_category": "revision_request",
    "feedback_type": "negative",
    "intent": "constructive",
    "bias_cue": "no"
  },
  {
    "message_id": "synthetic_Brev_02_034",
    "block_id": "B_neg_revision_constructive",
    "team_id": "team_kappa",
    "sender_id": "user_a34",
    "receiver_ids": ["user_b34"],
    "timestamp": "2024-05-03T12:20:00Z",
    "source": "synthetic",
    "text": "The reflection journal entries are mostly descriptive without critical self-assessment. They should delve deeper into what you learned from challenges.",
    "feedback_category": "revision_request",
    "feedback_type": "negative",
    "intent": "constructive",
    "bias_cue": "no"
  },
  {
    "message_id": "synthetic_Brev_02_035",
    "block_id": "B_neg_revision_constructive",
    "team_id": "team_lambda",
    "sender_id": "user_a35",
    "receiver_ids": ["user_b35"],
    "timestamp": "2024-05-03T12:25:00Z",
    "source": "synthetic",
    "text": "The database schema diagram is missing the relationships between key tables. This makes it hard to understand the data flow.",
    "feedback_category": "revision_request",
    "feedback_type": "negative",
    "intent": "constructive",
    "bias_cue": "no"
  },
  {
    "message_id": "synthetic_Brev_02_036",
    "block_id": "B_neg_revision_constructive",
    "team_id": "team_mu",
    "sender_id": "user_a36",
    "receiver_ids": ["user_b36"],
    "timestamp": "2024-05-03T12:30:00Z",
    "source": "synthetic",
    "text": "The script for the video presentation reads like a formal report. It should be converted to a more conversational, engaging tone.",
    "feedback_category": "revision_request",
    "feedback_type": "negative",
    "intent": "constructive",
    "bias_cue": "no"
  },
  {
    "message_id": "synthetic_Brev_02_037",
    "block_id": "B_neg_revision_constructive",
    "team_id": "team_nu",
    "sender_id": "user_a37",
    "receiver_ids": ["user_b37"],
    "timestamp": "2024-05-03T12:35:00Z",
    "source": "synthetic",
    "text": "The benchmarking results are presented without error bars or confidence intervals. Adding these would show the reliability of the data.",
    "feedback_category": "revision_request",
    "feedback_type": "negative",
    "intent": "constructive",
    "bias_cue": "no"
  },
  {
    "message_id": "synthetic_Brev_02_038",
    "block_id": "B_neg_revision_constructive",
    "team_id": "team_xi",
    "sender_id": "user_a38",
    "receiver_ids": ["user_b38"],
    "timestamp": "2024-05-03T12:40:00Z",
    "source": "synthetic",
    "text": "The annotated bibliography doesn't critically evaluate the sources' limitations. Each entry should include a brief assessment of credibility.",
    "feedback_category": "revision_request",
    "feedback_type": "negative",
    "intent": "constructive",
    "bias_cue": "no"
  },
  {
    "message_id": "synthetic_Brev_02_039",
    "block_id": "B_neg_revision_constructive",
    "team_id": "team_omicron",
    "sender_id": "user_a39",
    "receiver_ids": ["user_b39"],
    "timestamp": "2024-05-03T12:45:00Z",
    "source": "synthetic",
    "text": "The system requirements specification mixes functional and non-functional requirements without clear categorization. They should be separated for clarity.",
    "feedback_category": "revision_request",
    "feedback_type": "negative",
    "intent": "constructive",
    "bias_cue": "no"
  },
  {
    "message_id": "synthetic_Brev_02_040",
    "block_id": "B_neg_revision_constructive",
    "team_id": "team_pi",
    "sender_id": "user_a40",
    "receiver_ids": ["user_b40"],
    "timestamp": "2024-05-03T12:50:00Z",
    "source": "synthetic",
    "text": "The storyboard for the user journey has gaps between steps 4 and 5. The transition needs to be fleshed out to maintain narrative flow.",
    "feedback_category": "revision_request",
    "feedback_type": "negative",
    "intent": "constructive",
    "bias_cue": "no"
  },
  {
    "message_id": "synthetic_Brev_02_041",
    "block_id": "B_neg_revision_constructive",
    "team_id": "team_rho",
    "sender_id": "user_a41",
    "receiver_ids": ["user_b41"],
    "timestamp": "2024-05-03T12:55:00Z",
    "source": "synthetic",
    "text": "The load testing results are presented without context about what constitutes acceptable performance. We need to define our performance thresholds.",
    "feedback_category": "revision_request",
    "feedback_type": "negative",
    "intent": "constructive",
    "bias_cue": "no"
  },
  {
    "message_id": "synthetic_Brev_02_042",
    "block_id": "B_neg_revision_constructive",
    "team_id": "team_sigma",
    "sender_id": "user_a42",
    "receiver_ids": ["user_b42"],
    "timestamp": "2024-05-03T13:00:00Z",
    "source": "synthetic",
    "text": "The glossary of terms includes definitions that are too complex for our target audience. They should be simplified for better understanding.",
    "feedback_category": "revision_request",
    "feedback_type": "negative",
    "intent": "constructive",
    "bias_cue": "no"
  },
  {
    "message_id": "synthetic_Brev_02_043",
    "block_id": "B_neg_revision_constructive",
    "team_id": "team_tau",
    "sender_id": "user_a43",
    "receiver_ids": ["user_b43"],
    "timestamp": "2024-05-03T13:05:00Z",
    "source": "synthetic",
    "text": "The peer evaluation form uses ambiguous rating criteria. The descriptors for each score should be clarified to ensure consistent scoring.",
    "feedback_category": "revision_request",
    "feedback_type": "negative",
    "intent": "constructive",
    "bias_cue": "no"
  },
  {
    "message_id": "synthetic_Brev_02_044",
    "block_id": "B_neg_revision_constructive",
    "team_id": "team_upsilon",
    "sender_id": "user_a44",
    "receiver_ids": ["user_b44"],
    "timestamp": "2024-05-03T13:10:00Z",
    "source": "synthetic",
    "text": "The deployment instructions assume a Unix environment, but many of us use Windows. Please add platform-specific guidance.",
    "feedback_category": "revision_request",
    "feedback_type": "negative",
    "intent": "constructive",
    "bias_cue": "no"
  },
  {
    "message_id": "synthetic_Brev_02_045",
    "block_id": "B_neg_revision_constructive",
    "team_id": "team_phi",
    "sender_id": "user_a45",
    "receiver_ids": ["user_b45"],
    "timestamp": "2024-05-03T13:15:00Z",
    "source": "synthetic",
    "text": "The hypothesis statement is too broad to be testable within our project scope. It should be narrowed down to a specific, measurable claim.",
    "feedback_category": "revision_request",
    "feedback_type": "negative",
    "intent": "constructive",
    "bias_cue": "no"
  },
  {
    "message_id": "synthetic_Brev_02_046",
    "block_id": "B_neg_revision_constructive",
    "team_id": "team_chi",
    "sender_id": "user_a46",
    "receiver_ids": ["user_b46"],
    "timestamp": "2024-05-03T13:20:00Z",
    "source": "synthetic",
    "text": "The mind map for brainstorming is disorganized and doesn't show clear thematic groupings. It should be restructured to reveal patterns.",
    "feedback_category": "revision_request",
    "feedback_type": "negative",
    "intent": "constructive",
    "bias_cue": "no"
  },
  {
    "message_id": "synthetic_Brev_02_047",
    "block_id": "B_neg_revision_constructive",
    "team_id": "team_psi",
    "sender_id": "user_a47",
    "receiver_ids": ["user_b47"],
    "timestamp": "2024-05-03T13:25:00Z",
    "source": "synthetic",
    "text": "The feedback collected from user testing is presented as raw notes without synthesis. Key themes and actionable insights should be extracted.",
    "feedback_category": "revision_request",
    "feedback_type": "negative",
    "intent": "constructive",
    "bias_cue": "no"
  },
  {
    "message_id": "synthetic_Brev_02_048",
    "block_id": "B_neg_revision_constructive",
    "team_id": "team_omega",
    "sender_id": "user_a48",
    "receiver_ids": ["user_b48"],
    "timestamp": "2024-05-03T13:30:00Z",
    "source": "synthetic",
    "text": "The contingency plan only addresses technical risks, ignoring potential team or scheduling issues. It should be expanded to cover all areas.",
    "feedback_category": "revision_request",
    "feedback_type": "negative",
    "intent": "constructive",
    "bias_cue": "no"
  },
  {
    "message_id": "synthetic_Brev_02_049",
    "block_id": "B_neg_revision_constructive",
    "team_id": "team_alpha",
    "sender_id": "user_a49",
    "receiver_ids": ["user_b49"],
    "timestamp": "2024-05-03T13:35:00Z",
    "source": "synthetic",
    "text": "The executive summary is buried at the end of the document instead of the beginning. It should be moved to the front as per standard format.",
    "feedback_category": "revision_request",
    "feedback_type": "negative",
    "intent": "constructive",
    "bias_cue": "no"
  },
  {
    "message_id": "synthetic_Brev_02_050",
    "block_id": "B_neg_revision_constructive",
    "team_id": "team_beta",
    "sender_id": "user_a50",
    "receiver_ids": ["user_b50"],
    "timestamp": "2024-05-03T13:40:00Z",
    "source": "synthetic",
    "text": "The data dictionary for our dataset has incomplete descriptions for several columns. Each field needs a clear definition and unit of measure.",
    "feedback_category": "revision_request",
    "feedback_type": "negative",
    "intent": "constructive",
    "bias_cue": "no"
  },
  {
    "message_id": "synthetic_Brev_03_001",
    "block_id": "B_neg_revision_constructive",
    "team_id": "team_alpha",
    "sender_id": "user_01",
    "receiver_ids": ["user_02"],
    "timestamp": "2024-05-03T09:35:00Z",
    "source": "synthetic",
    "text": "The draft for the executive summary doesn't capture our project's value proposition clearly. It should emphasize the impact more directly.",
    "feedback_category": "revision_request",
    "feedback_type": "negative",
    "intent": "constructive",
    "bias_cue": "no"
  },
  {
    "message_id": "synthetic_Brev_03_002",
    "block_id": "B_neg_revision_constructive",
    "team_id": "team_beta",
    "sender_id": "user_03",
    "receiver_ids": ["user_04"],
    "timestamp": "2024-05-03T09:40:00Z",
    "source": "synthetic",
    "text": "Your API documentation doesn't include example requests or error codes. This makes it difficult for others to integrate with our service.",
    "feedback_category": "revision_request",
    "feedback_type": "negative",
    "intent": "constructive",
    "bias_cue": "no"
  },
  {
    "message_id": "synthetic_Brev_03_003",
    "block_id": "B_neg_revision_constructive",
    "team_id": "team_gamma",
    "sender_id": "user_05",
    "receiver_ids": ["user_06"],
    "timestamp": "2024-05-03T09:45:00Z",
    "source": "synthetic",
    "text": "The survey consent form uses legal language that's too complex. It should be rewritten in plain language for participants.",
    "feedback_category": "revision_request",
    "feedback_type": "negative",
    "intent": "constructive",
    "bias_cue": "no"
  },
  {
    "message_id": "synthetic_Brev_03_004",
    "block_id": "B_neg_revision_constructive",
    "team_id": "team_delta",
    "sender_id": "user_07",
    "receiver_ids": ["user_08"],
    "timestamp": "2024-05-03T09:50:00Z",
    "source": "synthetic",
    "text": "The flow chart for the user registration process has missing decision points between steps 2 and 3. These gaps need to be filled in.",
    "feedback_category": "revision_request",
    "feedback_type": "negative",
    "intent": "constructive",
    "bias_cue": "no"
  },
  {
    "message_id": "synthetic_Brev_03_005",
    "block_id": "B_neg_revision_constructive",
    "team_id": "team_epsilon",
    "sender_id": "user_09",
    "receiver_ids": ["user_10"],
    "timestamp": "2024-05-03T09:55:00Z",
    "source": "synthetic",
    "text": "The reflection on the prototyping phase is mostly positive without acknowledging what could have been done differently. It needs more critical analysis.",
    "feedback_category": "revision_request",
    "feedback_type": "negative",
    "intent": "constructive",
    "bias_cue": "no"
  },
  {
    "message_id": "synthetic_Brev_03_006",
    "block_id": "B_neg_revision_constructive",
    "team_id": "team_zeta",
    "sender_id": "user_11",
    "receiver_ids": ["user_12"],
    "timestamp": "2024-05-03T10:00:00Z",
    "source": "synthetic",
    "text": "The financial projections spreadsheet has formulas that reference the wrong cells. This is causing incorrect calculations in the summary tab.",
    "feedback_category": "revision_request",
    "feedback_type": "negative",
    "intent": "constructive",
    "bias_cue": "no"
  },
  {
    "message_id": "synthetic_Brev_03_007",
    "block_id": "B_neg_revision_constructive",
    "team_id": "team_eta",
    "sender_id": "user_13",
    "receiver_ids": ["user_14"],
    "timestamp": "2024-05-03T10:05:00Z",
    "source": "synthetic",
    "text": "The script for our video tutorial moves too quickly through complex steps. We should add pauses or break it into smaller segments.",
    "feedback_category": "revision_request",
    "feedback_type": "negative",
    "intent": "constructive",
    "bias_cue": "no"
  },
  {
    "message_id": "synthetic_Brev_03_008",
    "block_id": "B_neg_revision_constructive",
    "team_id": "team_theta",
    "sender_id": "user_15",
    "receiver_ids": ["user_16"],
    "timestamp": "2024-05-03T10:10:00Z",
    "source": "synthetic",
    "text": "The research question in the proposal is framed as a yes/no question, which limits our analysis. It should be open-ended to allow for deeper exploration.",
    "feedback_category": "revision_request",
    "feedback_type": "negative",
    "intent": "constructive",
    "bias_cue": "no"
  },
  {
    "message_id": "synthetic_Brev_03_009",
    "block_id": "B_neg_revision_constructive",
    "team_id": "team_iota",
    "sender_id": "user_17",
    "receiver_ids": ["user_18"],
    "timestamp": "2024-05-03T10:15:00Z",
    "source": "synthetic",
    "text": "The user testing feedback is presented as a bullet list without any prioritization. We should categorize comments by frequency and severity.",
    "feedback_category": "revision_request",
    "feedback_type": "negative",
    "intent": "constructive",
    "bias_cue": "no"
  },
  {
    "message_id": "synthetic_Brev_03_010",
    "block_id": "B_neg_revision_constructive",
    "team_id": "team_kappa",
    "sender_id": "user_19",
    "receiver_ids": ["user_20"],
    "timestamp": "2024-05-03T10:20:00Z",
    "source": "synthetic",
    "text": "The data backup procedure document assumes everyone has administrator access, which isn't the case. The instructions need to account for different user permissions.",
    "feedback_category": "revision_request",
    "feedback_type": "negative",
    "intent": "constructive",
    "bias_cue": "no"
  },
  {
    "message_id": "synthetic_Brev_03_011",
    "block_id": "B_neg_revision_constructive",
    "team_id": "team_lambda",
    "sender_id": "user_21",
    "receiver_ids": ["user_22"],
    "timestamp": "2024-05-03T10:25:00Z",
    "source": "synthetic",
    "text": "The comparison table between our solution and competitors mixes features with technical specifications. These should be separated into different categories for clarity.",
    "feedback_category": "revision_request",
    "feedback_type": "negative",
    "intent": "constructive",
    "bias_cue": "no"
  },
  {
    "message_id": "synthetic_Brev_03_012",
    "block_id": "B_neg_revision_constructive",
    "team_id": "team_mu",
    "sender_id": "user_23",
    "receiver_ids": ["user_24"],
    "timestamp": "2024-05-03T10:30:00Z",
    "source": "synthetic",
    "text": "The explanation of the algorithm needs refinement so the steps and assumptions are easier to follow.",
    "feedback_category": "revision_request",
    "feedback_type": "negative",
    "intent": "constructive",
    "bias_cue": "no"
  },
  {
    "message_id": "synthetic_Brev_03_013",
    "block_id": "B_neg_revision_constructive",
    "team_id": "team_nu",
    "sender_id": "user_25",
    "receiver_ids": ["user_26"],
    "timestamp": "2024-05-03T10:35:00Z",
    "source": "synthetic",
    "text": "The meeting minutes from last week are missing the action items we agreed on. Without these, we can't track what needs to be done.",
    "feedback_category": "revision_request",
    "feedback_type": "negative",
    "intent": "constructive",
    "bias_cue": "no"
  },
  {
    "message_id": "synthetic_Brev_03_014",
    "block_id": "B_neg_revision_constructive",
    "team_id": "team_xi",
    "sender_id": "user_27",
    "receiver_ids": ["user_28"],
    "timestamp": "2024-05-03T10:40:00Z",
    "source": "synthetic",
    "text": "The infographic about our project timeline uses colors that are too similar, making it hard to distinguish between phases. The palette should have higher contrast.",
    "feedback_category": "revision_request",
    "feedback_type": "negative",
    "intent": "constructive",
    "bias_cue": "no"
  },
  {
    "message_id": "synthetic_Brev_03_015",
    "block_id": "B_neg_revision_constructive",
    "team_id": "team_omicron",
    "sender_id": "user_29",
    "receiver_ids": ["user_30"],
    "timestamp": "2024-05-03T10:45:00Z",
    "source": "synthetic",
    "text": "The persona descriptions for our target users lack demographic diversity. We should include a range of backgrounds to ensure our design is inclusive.",
    "feedback_category": "revision_request",
    "feedback_type": "negative",
    "intent": "constructive",
    "bias_cue": "no"
  },
  {
    "message_id": "synthetic_Brev_03_016",
    "block_id": "B_neg_revision_constructive",
    "team_id": "team_pi",
    "sender_id": "user_31",
    "receiver_ids": ["user_32"],
    "timestamp": "2024-05-03T10:50:00Z",
    "source": "synthetic",
    "text": "The code review checklist doesn't include security considerations like input validation. This is an important oversight that should be addressed.",
    "feedback_category": "revision_request",
    "feedback_type": "negative",
    "intent": "constructive",
    "bias_cue": "no"
  },
  {
    "message_id": "synthetic_Brev_03_017",
    "block_id": "B_neg_revision_constructive",
    "team_id": "team_rho",
    "sender_id": "user_33",
    "receiver_ids": ["user_34"],
    "timestamp": "2024-05-03T10:55:00Z",
    "source": "synthetic",
    "text": "The transcript of the focus group discussion hasn't been anonymized. All participant names and identifying details need to be removed for privacy.",
    "feedback_category": "revision_request",
    "feedback_type": "negative",
    "intent": "constructive",
    "bias_cue": "no"
  },
  {
    "message_id": "synthetic_Brev_03_018",
    "block_id": "B_neg_revision_constructive",
    "team_id": "team_sigma",
    "sender_id": "user_35",
    "receiver_ids": ["user_36"],
    "timestamp": "2024-05-03T11:00:00Z",
    "source": "synthetic",
    "text": "The project's branding guidelines document doesn't specify font sizes for different mediums like web versus print. This needs to be clarified.",
    "feedback_category": "revision_request",
    "feedback_type": "negative",
    "intent": "constructive",
    "bias_cue": "no"
  },
  {
    "message_id": "synthetic_Brev_03_019",
    "block_id": "B_neg_revision_constructive",
    "team_id": "team_tau",
    "sender_id": "user_37",
    "receiver_ids": ["user_38"],
    "timestamp": "2024-05-03T11:05:00Z",
    "source": "synthetic",
    "text": "The troubleshooting guide for our application only covers software issues, not hardware compatibility problems. It should be expanded to include both.",
    "feedback_category": "revision_request",
    "feedback_type": "negative",
    "intent": "constructive",
    "bias_cue": "no"
  },
  {
    "message_id": "synthetic_Brev_03_020",
    "block_id": "B_neg_revision_constructive",
    "team_id": "team_upsilon",
    "sender_id": "user_39",
    "receiver_ids": ["user_40"],
    "timestamp": "2024-05-03T11:10:00Z",
    "source": "synthetic",
    "text": "The evaluation rubric for peer assessments has overlapping criteria between categories. The descriptors should be distinct to avoid confusion.",
    "feedback_category": "revision_request",
    "feedback_type": "negative",
    "intent": "constructive",
    "bias_cue": "no"
  },
  {
    "message_id": "synthetic_Brev_03_021",
    "block_id": "B_neg_revision_constructive",
    "team_id": "team_phi",
    "sender_id": "user_41",
    "receiver_ids": ["user_42"],
    "timestamp": "2024-05-03T11:15:00Z",
    "source": "synthetic",
    "text": "The background research section cites sources from over ten years ago without acknowledging more recent developments. It should be updated with current literature.",
    "feedback_category": "revision_request",
    "feedback_type": "negative",
    "intent": "constructive",
    "bias_cue": "no"
  },
  {
    "message_id": "synthetic_Brev_03_022",
    "block_id": "B_neg_revision_constructive",
    "team_id": "team_chi",
    "sender_id": "user_43",
    "receiver_ids": ["user_44"],
    "timestamp": "2024-05-03T11:20:00Z",
    "source": "synthetic",
    "text": "The mobile app mockups don't show how the interface adapts to different screen sizes. We need to include responsive design examples.",
    "feedback_category": "revision_request",
    "feedback_type": "negative",
    "intent": "constructive",
    "bias_cue": "no"
  },
  {
    "message_id": "synthetic_Brev_03_023",
    "block_id": "B_neg_revision_constructive",
    "team_id": "team_psi",
    "sender_id": "user_45",
    "receiver_ids": ["user_46"],
    "timestamp": "2024-05-03T11:25:00Z",
    "source": "synthetic",
    "text": "The project's communication plan doesn't specify how often we should update our stakeholder. Regular update intervals should be defined.",
    "feedback_category": "revision_request",
    "feedback_type": "negative",
    "intent": "constructive",
    "bias_cue": "no"
  },
  {
    "message_id": "synthetic_Brev_03_024",
    "block_id": "B_neg_revision_constructive",
    "team_id": "team_omega",
    "sender_id": "user_47",
    "receiver_ids": ["user_48"],
    "timestamp": "2024-05-03T11:30:00Z",
    "source": "synthetic",
    "text": "The data validation rules in the database schema allow null values in fields that are essential for analysis. These constraints should be tightened.",
    "feedback_category": "revision_request",
    "feedback_type": "negative",
    "intent": "constructive",
    "bias_cue": "no"
  },
  {
    "message_id": "synthetic_Brev_03_025",
    "block_id": "B_neg_revision_constructive",
    "team_id": "team_alpha",
    "sender_id": "user_49",
    "receiver_ids": ["user_50"],
    "timestamp": "2024-05-03T11:35:00Z",
    "source": "synthetic",
    "text": "The conclusion of the research paper introduces new ideas that weren't discussed earlier. It should only summarize findings from the existing sections.",
    "feedback_category": "revision_request",
    "feedback_type": "negative",
    "intent": "constructive",
    "bias_cue": "no"
  },
  {
    "message_id": "synthetic_Brev_03_026",
    "block_id": "B_neg_revision_constructive",
    "team_id": "team_beta",
    "sender_id": "user_51",
    "receiver_ids": ["user_52"],
    "timestamp": "2024-05-03T11:40:00Z",
    "source": "synthetic",
    "text": "The onboarding tutorial for our software skips over the initial configuration steps. These are crucial for first-time users and should be included.",
    "feedback_category": "revision_request",
    "feedback_type": "negative",
    "intent": "constructive",
    "bias_cue": "no"
  },
  {
    "message_id": "synthetic_Brev_03_027",
    "block_id": "B_neg_revision_constructive",
    "team_id": "team_gamma",
    "sender_id": "user_53",
    "receiver_ids": ["user_54"],
    "timestamp": "2024-05-03T11:45:00Z",
    "source": "synthetic",
    "text": "The competitive analysis focuses only on features, not on user experience or pricing. A more comprehensive comparison would be more valuable.",
    "feedback_category": "revision_request",
    "feedback_type": "negative",
    "intent": "constructive",
    "bias_cue": "no"
  },
  {
    "message_id": "synthetic_Brev_03_028",
    "block_id": "B_neg_revision_constructive",
    "team_id": "team_delta",
    "sender_id": "user_55",
    "receiver_ids": ["user_56"],
    "timestamp": "2024-05-03T11:50:00Z",
    "source": "synthetic",
    "text": "The wireframes for the dashboard don't show how data refreshes or loads. We need to indicate dynamic elements and loading states.",
    "feedback_category": "revision_request",
    "feedback_type": "negative",
    "intent": "constructive",
    "bias_cue": "no"
  },
  {
    "message_id": "synthetic_Brev_03_029",
    "block_id": "B_neg_revision_constructive",
    "team_id": "team_epsilon",
    "sender_id": "user_57",
    "receiver_ids": ["user_58"],
    "timestamp": "2024-05-03T11:55:00Z",
    "source": "synthetic",
    "text": "The project's mission statement is too technical and doesn't convey the human benefit. It should be rewritten to emphasize the user impact.",
    "feedback_category": "revision_request",
    "feedback_type": "negative",
    "intent": "constructive",
    "bias_cue": "no"
  },
  {
    "message_id": "synthetic_Brev_03_030",
    "block_id": "B_neg_revision_constructive",
    "team_id": "team_zeta",
    "sender_id": "user_59",
    "receiver_ids": ["user_60"],
    "timestamp": "2024-05-03T12:00:00Z",
    "source": "synthetic",
    "text": "The error messages in our application are generic and don't help users resolve issues. They should be more specific and actionable.",
    "feedback_category": "revision_request",
    "feedback_type": "negative",
    "intent": "constructive",
    "bias_cue": "no"
  },
  {
    "message_id": "synthetic_Brev_03_031",
    "block_id": "B_neg_revision_constructive",
    "team_id": "team_eta",
    "sender_id": "user_61",
    "receiver_ids": ["user_62"],
    "timestamp": "2024-05-03T12:05:00Z",
    "source": "synthetic",
    "text": "The project's sustainability plan only considers environmental factors, not economic or social aspects. A triple bottom line approach would be more complete.",
    "feedback_category": "revision_request",
    "feedback_type": "negative",
    "intent": "constructive",
    "bias_cue": "no"
  },
  {
    "message_id": "synthetic_Brev_03_032",
    "block_id": "B_neg_revision_constructive",
    "team_id": "team_theta",
    "sender_id": "user_63",
    "receiver_ids": ["user_64"],
    "timestamp": "2024-05-03T12:10:00Z",
    "source": "synthetic",
    "text": "The user interview questions are all closed-ended, which limits the depth of responses. We should include more open-ended prompts.",
    "feedback_category": "revision_request",
    "feedback_type": "negative",
    "intent": "constructive",
    "bias_cue": "no"
  },
  {
    "message_id": "synthetic_Brev_03_033",
    "block_id": "B_neg_revision_constructive",
    "team_id": "team_iota",
    "sender_id": "user_65",
    "receiver_ids": ["user_66"],
    "timestamp": "2024-05-03T12:15:00Z",
    "source": "synthetic",
    "text": "The performance metrics dashboard uses inconsistent time intervals (some weekly, some monthly). All data should use the same timeframe for fair comparison.",
    "feedback_category": "revision_request",
    "feedback_type": "negative",
    "intent": "constructive",
    "bias_cue": "no"
  },
  {
    "message_id": "synthetic_Brev_03_034",
    "block_id": "B_neg_revision_constructive",
    "team_id": "team_kappa",
    "sender_id": "user_67",
    "receiver_ids": ["user_68"],
    "timestamp": "2024-05-03T12:20:00Z",
    "source": "synthetic",
    "text": "The project's risk register doesn't assess the likelihood and impact of each risk. Adding a simple scoring system would help prioritize mitigation efforts.",
    "feedback_category": "revision_request",
    "feedback_type": "negative",
    "intent": "constructive",
    "bias_cue": "no"
  },
  {
    "message_id": "synthetic_Brev_03_035",
    "block_id": "B_neg_revision_constructive",
    "team_id": "team_lambda",
    "sender_id": "user_69",
    "receiver_ids": ["user_70"],
    "timestamp": "2024-05-03T12:25:00Z",
    "source": "synthetic",
    "text": "The style guide for our documentation doesn't cover tone of voice or writing for international audiences. These aspects should be addressed.",
    "feedback_category": "revision_request",
    "feedback_type": "negative",
    "intent": "constructive",
    "bias_cue": "no"
  },
  {
    "message_id": "synthetic_Brev_03_036",
    "block_id": "B_neg_revision_constructive",
    "team_id": "team_mu",
    "sender_id": "user_71",
    "receiver_ids": ["user_72"],
    "timestamp": "2024-05-03T12:30:00Z",
    "source": "synthetic",
    "text": "The data collection protocol doesn't specify how to handle incomplete or contradictory responses. We need clear procedures for these scenarios.",
    "feedback_category": "revision_request",
    "feedback_type": "negative",
    "intent": "constructive",
    "bias_cue": "no"
  },
  {
    "message_id": "synthetic_Brev_03_037",
    "block_id": "B_neg_revision_constructive",
    "team_id": "team_nu",
    "sender_id": "user_73",
    "receiver_ids": ["user_74"],
    "timestamp": "2024-05-03T12:35:00Z",
    "source": "synthetic",
    "text": "The project's value proposition canvas has overlapping segments in the customer profile section. These should be distinct to avoid confusion.",
    "feedback_category": "revision_request",
    "feedback_type": "negative",
    "intent": "constructive",
    "bias_cue": "no"
  },
  {
    "message_id": "synthetic_Brev_03_038",
    "block_id": "B_neg_revision_constructive",
    "team_id": "team_xi",
    "sender_id": "user_75",
    "receiver_ids": ["user_76"],
    "timestamp": "2024-05-03T12:40:00Z",
    "source": "synthetic",
    "text": "The deployment checklist for our web application doesn't include post-deployment verification steps. We should add tests to confirm everything is working.",
    "feedback_category": "revision_request",
    "feedback_type": "negative",
    "intent": "constructive",
    "bias_cue": "no"
  },
  {
    "message_id": "synthetic_Brev_03_039",
    "block_id": "B_neg_revision_constructive",
    "team_id": "team_omicron",
    "sender_id": "user_77",
    "receiver_ids": ["user_78"],
    "timestamp": "2024-05-03T12:45:00Z",
    "source": "synthetic",
    "text": "The project's innovation section describes existing technologies without clearly stating what's novel about our approach. The unique aspects need to be highlighted.",
    "feedback_category": "revision_request",
    "feedback_type": "negative",
    "intent": "constructive",
    "bias_cue": "no"
  },
  {
    "message_id": "synthetic_Brev_03_040",
    "block_id": "B_neg_revision_constructive",
    "team_id": "team_pi",
    "sender_id": "user_79",
    "receiver_ids": ["user_80"],
    "timestamp": "2024-05-03T12:50:00Z",
    "source": "synthetic",
    "text": "The user persona scenarios don't reflect realistic usage patterns; they're all ideal cases. We should include some challenging scenarios too.",
    "feedback_category": "revision_request",
    "feedback_type": "negative",
    "intent": "constructive",
    "bias_cue": "no"
  },
  {
    "message_id": "synthetic_Brev_03_041",
    "block_id": "B_neg_revision_constructive",
    "team_id": "team_rho",
    "sender_id": "user_81",
    "receiver_ids": ["user_82"],
    "timestamp": "2024-05-03T12:55:00Z",
    "source": "synthetic",
    "text": "The code repository's issue template doesn't prompt users to include steps to reproduce bugs. This makes debugging much harder.",
    "feedback_category": "revision_request",
    "feedback_type": "negative",
    "intent": "constructive",
    "bias_cue": "no"
  },
  {
    "message_id": "synthetic_Brev_03_042",
    "block_id": "B_neg_revision_constructive",
    "team_id": "team_sigma",
    "sender_id": "user_83",
    "receiver_ids": ["user_84"],
    "timestamp": "2024-05-03T13:00:00Z",
    "source": "synthetic",
    "text": "The project's marketing pitch uses too much jargon and technical acronyms. It should be simplified for a general audience.",
    "feedback_category": "revision_request",
    "feedback_type": "negative",
    "intent": "constructive",
    "bias_cue": "no"
  },
  {
    "message_id": "synthetic_Brev_03_043",
    "block_id": "B_neg_revision_constructive",
    "team_id": "team_tau",
    "sender_id": "user_85",
    "receiver_ids": ["user_86"],
    "timestamp": "2024-05-03T13:05:00Z",
    "source": "synthetic",
    "text": "The data analysis script outputs results in a format that's difficult to import into visualization tools. The output should be structured as a clean CSV.",
    "feedback_category": "revision_request",
    "feedback_type": "negative",
    "intent": "constructive",
    "bias_cue": "no"
  },
  {
    "message_id": "synthetic_Brev_03_044",
    "block_id": "B_neg_revision_constructive",
    "team_id": "team_upsilon",
    "sender_id": "user_87",
    "receiver_ids": ["user_88"],
    "timestamp": "2024-05-03T13:10:00Z",
    "source": "synthetic",
    "text": "The project's exit strategy section only discusses handover to the client, not knowledge transfer within our team. Both aspects are important.",
    "feedback_category": "revision_request",
    "feedback_type": "negative",
    "intent": "constructive",
    "bias_cue": "no"
  },
  {
    "message_id": "synthetic_Brev_03_045",
    "block_id": "B_neg_revision_constructive",
    "team_id": "team_phi",
    "sender_id": "user_89",
    "receiver_ids": ["user_90"],
    "timestamp": "2024-05-03T13:15:00Z",
    "source": "synthetic",
    "text": "The comparison of different design alternatives doesn't include a scoring system or criteria weights. This makes the final choice seem arbitrary.",
    "feedback_category": "revision_request",
    "feedback_type": "negative",
    "intent": "constructive",
    "bias_cue": "no"
  },
  {
    "message_id": "synthetic_Brev_03_046",
    "block_id": "B_neg_revision_constructive",
    "team_id": "team_chi",
    "sender_id": "user_91",
    "receiver_ids": ["user_92"],
    "timestamp": "2024-05-03T13:20:00Z",
    "source": "synthetic",
    "text": "The project's quality assurance plan only covers functional testing, not usability or performance testing. These additional aspects should be included.",
    "feedback_category": "revision_request",
    "feedback_type": "negative",
    "intent": "constructive",
    "bias_cue": "no"
  },
  {
    "message_id": "synthetic_Brev_03_047",
    "block_id": "B_neg_revision_constructive",
    "team_id": "team_psi",
    "sender_id": "user_93",
    "receiver_ids": ["user_94"],
    "timestamp": "2024-05-03T13:25:00Z",
    "source": "synthetic",
    "text": "The stakeholder analysis matrix doesn't differentiate between influence and interest levels. Using a power/interest grid would provide more insight.",
    "feedback_category": "revision_request",
    "feedback_type": "negative",
    "intent": "constructive",
    "bias_cue": "no"
  },
  {
    "message_id": "synthetic_Brev_03_048",
    "block_id": "B_neg_revision_constructive",
    "team_id": "team_omega",
    "sender_id": "user_95",
    "receiver_ids": ["user_96"],
    "timestamp": "2024-05-03T13:30:00Z",
    "source": "synthetic",
    "text": "The project's lessons learned document focuses only on what went well. It should also include challenges and how we would address them next time.",
    "feedback_category": "revision_request",
    "feedback_type": "negative",
    "intent": "constructive",
    "bias_cue": "no"
  },
  {
    "message_id": "synthetic_Brev_03_049",
    "block_id": "B_neg_revision_constructive",
    "team_id": "team_alpha",
    "sender_id": "user_97",
    "receiver_ids": ["user_98"],
    "timestamp": "2024-05-03T13:35:00Z",
    "source": "synthetic",
    "text": "The project's scalability analysis assumes linear growth, which isn't realistic for our user base. A more nuanced model should be used.",
    "feedback_category": "revision_request",
    "feedback_type": "negative",
    "intent": "constructive",
    "bias_cue": "no"
  },
  {
    "message_id": "synthetic_Brev_03_050",
    "block_id": "B_neg_revision_constructive",
    "team_id": "team_beta",
    "sender_id": "user_99",
    "receiver_ids": ["user_00"],
    "timestamp": "2024-05-03T13:40:00Z",
    "source": "synthetic",
    "text": "The project's user feedback survey uses a 1-3 rating scale, which doesn't provide enough granularity. A 1-5 or 1-7 scale would be better.",
    "feedback_category": "revision_request",
    "feedback_type": "negative",
    "intent": "constructive",
    "bias_cue": "no"
  },
  {
    "message_id": "synthetic_Brev_final_001",
    "block_id": "B_neg_revision_constructive",
    "team_id": "team_alpha",
    "sender_id": "user_a1",
    "receiver_ids": ["user_b1"],
    "timestamp": "2024-05-03T09:35:00Z",
    "source": "synthetic",
    "text": "The timeline assumptions in our proposal don't account for academic breaks. We need to adjust the project schedule to be more realistic.",
    "feedback_category": "revision_request",
    "feedback_type": "negative",
    "intent": "constructive",
    "bias_cue": "no"
  },
  {
    "message_id": "synthetic_Brev_final_002",
    "block_id": "B_neg_revision_constructive",
    "team_id": "team_beta",
    "sender_id": "user_a2",
    "receiver_ids": ["user_b2"],
    "timestamp": "2024-05-03T09:40:00Z",
    "source": "synthetic",
    "text": "The interview transcript summaries don't distinguish between participant quotes and your interpretations. These should be clearly separated.",
    "feedback_category": "revision_request",
    "feedback_type": "negative",
    "intent": "constructive",
    "bias_cue": "no"
  },
  {
    "message_id": "synthetic_Brev_final_003",
    "block_id": "B_neg_revision_constructive",
    "team_id": "team_gamma",
    "sender_id": "user_a3",
    "receiver_ids": ["user_b3"],
    "timestamp": "2024-05-03T09:45:00Z",
    "source": "synthetic",
    "text": "The repository's pull request template doesn't ask for testing evidence. Contributors should demonstrate they've verified their changes work.",
    "feedback_category": "revision_request",
    "feedback_type": "negative",
    "intent": "constructive",
    "bias_cue": "no"
  },
  {
    "message_id": "synthetic_Brev_final_004",
    "block_id": "B_neg_revision_constructive",
    "team_id": "team_delta",
    "sender_id": "user_a4",
    "receiver_ids": ["user_b4"],
    "timestamp": "2024-05-03T09:50:00Z",
    "source": "synthetic",
    "text": "The storyboard for our presentation jumps between concepts without smooth transitions. We need better narrative flow between sections.",
    "feedback_category": "revision_request",
    "feedback_type": "negative",
    "intent": "constructive",
    "bias_cue": "no"
  },
  {
    "message_id": "synthetic_Brev_final_005",
    "block_id": "B_neg_revision_constructive",
    "team_id": "team_epsilon",
    "sender_id": "user_a5",
    "receiver_ids": ["user_b5"],
    "timestamp": "2024-05-03T09:55:00Z",
    "source": "synthetic",
    "text": "The data collection protocol doesn't specify how to handle equipment calibration between sessions. This oversight could affect measurement consistency.",
    "feedback_category": "revision_request",
    "feedback_type": "negative",
    "intent": "constructive",
    "bias_cue": "no"
  },
  {
    "message_id": "synthetic_Brev_final_006",
    "block_id": "B_neg_revision_constructive",
    "team_id": "team_zeta",
    "sender_id": "user_a6",
    "receiver_ids": ["user_b6"],
    "timestamp": "2024-05-03T10:00:00Z",
    "source": "synthetic",
    "text": "The reflection on our collaboration process doesn't mention specific communication breakdowns we experienced. Addressing these would make it more honest and useful.",
    "feedback_category": "revision_request",
    "feedback_type": "negative",
    "intent": "constructive",
    "bias_cue": "no"
  },
  {
    "message_id": "synthetic_Brev_final_007",
    "block_id": "B_neg_revision_constructive",
    "team_id": "team_omega",
    "sender_id": "user_samir",
    "receiver_ids": ["user_nadia"],
    "timestamp": "2024-05-03T09:35:00Z",
    "source": "synthetic",
    "text": "The current draft still needs revision in the discussion section to better connect the results to the research questions.",
    "feedback_category": "revision_request",
    "feedback_type": "negative",
    "intent": "constructive",
    "bias_cue": "no"
  },
  {
    "message_id": "synthetic_Brev_final_008",
    "block_id": "B_neg_revision_constructive",
    "team_id": "team_eta",
    "sender_id": "user_a7",
    "receiver_ids": ["user_b7"],
    "timestamp": "2024-05-03T10:05:00Z",
    "source": "synthetic",
    "text": "The visual hierarchy in our presentation slides is weak. Important conclusions should be more prominent than supporting details.",
    "feedback_category": "revision_request",
    "feedback_type": "negative",
    "intent": "constructive",
    "bias_cue": "no"
  },
  {
    "message_id": "synthetic_Brev_final_009",
    "block_id": "B_neg_revision_constructive",
    "team_id": "team_theta",
    "sender_id": "user_a8",
    "receiver_ids": ["user_b8"],
    "timestamp": "2024-05-03T10:10:00Z",
    "source": "synthetic",
    "text": "The project's file organization system doesn't have a clear version control approach. We need a consistent naming convention for revised documents.",
    "feedback_category": "revision_request",
    "feedback_type": "negative",
    "intent": "constructive",
    "bias_cue": "no"
  },
  {
    "message_id": "synthetic_Brev_final_010",
    "block_id": "B_neg_revision_constructive",
    "team_id": "team_iota",
    "sender_id": "user_a9",
    "receiver_ids": ["user_b9"],
    "timestamp": "2024-05-03T10:15:00Z",
    "source": "synthetic",
    "text": "The benchmark comparisons use different testing conditions for our solution versus competitors. This makes the performance claims unreliable.",
    "feedback_category": "revision_request",
    "feedback_type": "negative",
    "intent": "constructive",
    "bias_cue": "no"
  },
  {
    "message_id": "synthetic_Brev_final_011",
    "block_id": "B_neg_revision_constructive",
    "team_id": "team_kappa",
    "sender_id": "user_a10",
    "receiver_ids": ["user_b10"],
    "timestamp": "2024-05-03T10:20:00Z",
    "source": "synthetic",
    "text": "The survey's demographic questions use outdated category options. We should update them to be more inclusive and contemporary.",
    "feedback_category": "revision_request",
    "feedback_type": "negative",
    "intent": "constructive",
    "bias_cue": "no"
  },
  {
    "message_id": "synthetic_Brev_final_012",
    "block_id": "B_neg_revision_constructive",
    "team_id": "team_lambda",
    "sender_id": "user_a11",
    "receiver_ids": ["user_b11"],
    "timestamp": "2024-05-03T10:25:00Z",
    "source": "synthetic",
    "text": "The implementation plan doesn't sequence tasks based on their dependencies. Some later tasks are listed before the prerequisites they rely on.",
    "feedback_category": "revision_request",
    "feedback_type": "negative",
    "intent": "constructive",
    "bias_cue": "no"
  },
  {
    "message_id": "synthetic_Brev_final_013",
    "block_id": "B_neg_revision_constructive",
    "team_id": "team_mu",
    "sender_id": "user_a12",
    "receiver_ids": ["user_b12"],
    "timestamp": "2024-05-03T10:30:00Z",
    "source": "synthetic",
    "text": "The prototype's user onboarding flow doesn't account for error recovery. Users need clear ways to backtrack when they make mistakes.",
    "feedback_category": "revision_request",
    "feedback_type": "negative",
    "intent": "constructive",
    "bias_cue": "no"
  },
  {
    "message_id": "synthetic_Brev_final_014",
    "block_id": "B_neg_revision_constructive",
    "team_id": "team_nu",
    "sender_id": "user_a13",
    "receiver_ids": ["user_b13"],
    "timestamp": "2024-05-03T10:35:00Z",
    "source": "synthetic",
    "text": "The cost analysis spreadsheet doesn't distinguish between one-time and recurring expenses. This confusion affects our budget projections.",
    "feedback_category": "revision_request",
    "feedback_type": "negative",
    "intent": "constructive",
    "bias_cue": "no"
  },
  {
    "message_id": "synthetic_Brev_final_015",
    "block_id": "B_neg_revision_constructive",
    "team_id": "team_xi",
    "sender_id": "user_a14",
    "receiver_ids": ["user_b14"],
    "timestamp": "2024-05-03T10:40:00Z",
    "source": "synthetic",
    "text": "The project's communication matrix doesn't specify which channel to use for urgent decisions. This ambiguity could cause delays during critical phases.",
    "feedback_category": "revision_request",
    "feedback_type": "negative",
    "intent": "constructive",
    "bias_cue": "no"
  },
  {
    "message_id": "synthetic_Brev_final_016",
    "block_id": "B_neg_revision_constructive",
    "team_id": "team_omicron",
    "sender_id": "user_a15",
    "receiver_ids": ["user_b15"],
    "timestamp": "2024-05-03T10:45:00Z",
    "source": "synthetic",
    "text": "The experimental procedure lists materials but doesn't include quantities or preparation steps. These details are essential for replication.",
    "feedback_category": "revision_request",
    "feedback_type": "negative",
    "intent": "constructive",
    "bias_cue": "no"
  },
  {
    "message_id": "synthetic_Brev_final_017",
    "block_id": "B_neg_revision_constructive",
    "team_id": "team_pi",
    "sender_id": "user_a16",
    "receiver_ids": ["user_b16"],
    "timestamp": "2024-05-03T10:50:00Z",
    "source": "synthetic",
    "text": "The wireframes don't show how the interface would appear on different device orientations. We need both portrait and landscape views.",
    "feedback_category": "revision_request",
    "feedback_type": "negative",
    "intent": "constructive",
    "bias_cue": "no"
  },
  {
    "message_id": "synthetic_Brev_final_018",
    "block_id": "B_neg_revision_constructive",
    "team_id": "team_rho",
    "sender_id": "user_a17",
    "receiver_ids": ["user_b17"],
    "timestamp": "2024-05-03T10:55:00Z",
    "source": "synthetic",
    "text": "The project's evaluation criteria are too focused on technical performance without considering user satisfaction. The metrics should be more balanced.",
    "feedback_category": "revision_request",
    "feedback_type": "negative",
    "intent": "constructive",
    "bias_cue": "no"
  },
  {
    "message_id": "synthetic_Brev_final_019",
    "block_id": "B_neg_revision_constructive",
    "team_id": "team_sigma",
    "sender_id": "user_a18",
    "receiver_ids": ["user_b18"],
    "timestamp": "2024-05-03T11:00:00Z",
    "source": "synthetic",
    "text": "The change log for our documentation doesn't explain why certain revisions were made. Adding brief reasons would help track our decision-making.",
    "feedback_category": "revision_request",
    "feedback_type": "negative",
    "intent": "constructive",
    "bias_cue": "no"
  },
  {
    "message_id": "synthetic_Brev_final_020",
    "block_id": "B_neg_revision_constructive",
    "team_id": "team_tau",
    "sender_id": "user_a19",
    "receiver_ids": ["user_b19"],
    "timestamp": "2024-05-03T11:05:00Z",
    "source": "synthetic",
    "text": "The project's handoff documentation assumes the receiving team has the same technical background as us. It should be written for a more general audience.",
    "feedback_category": "revision_request",
    "feedback_type": "negative",
    "intent": "constructive",
    "bias_cue": "no"
  },
  {
    "message_id": "synthetic_Brev_final_021",
    "block_id": "B_neg_revision_constructive",
    "team_id": "team_upsilon",
    "sender_id": "user_a20",
    "receiver_ids": ["user_b20"],
    "timestamp": "2024-05-03T11:10:00Z",
    "source": "synthetic",
    "text": "The usability testing script doesn't include warm-up questions to make participants comfortable. Starting with easier questions would yield better feedback.",
    "feedback_category": "revision_request",
    "feedback_type": "negative",
    "intent": "constructive",
    "bias_cue": "no"
  },
  {
    "message_id": "synthetic_Brev_final_022",
    "block_id": "B_neg_revision_constructive",
    "team_id": "team_phi",
    "sender_id": "user_a21",
    "receiver_ids": ["user_b21"],
    "timestamp": "2024-05-03T11:15:00Z",
    "source": "synthetic",
    "text": "The data visualization in our report uses colors that don't print well in grayscale. We should ensure the charts are interpretable in both color and black-and-white.",
    "feedback_category": "revision_request",
    "feedback_type": "negative",
    "intent": "constructive",
    "bias_cue": "no"
  },
  {
    "message_id": "synthetic_Brev_final_023",
    "block_id": "B_neg_revision_constructive",
    "team_id": "team_chi",
    "sender_id": "user_a22",
    "receiver_ids": ["user_b22"],
    "timestamp": "2024-05-03T11:20:00Z",
    "source": "synthetic",
    "text": "The project's stakeholder map doesn't indicate their current level of support. Adding this would help us plan our engagement strategy better.",
    "feedback_category": "revision_request",
    "feedback_type": "negative",
    "intent": "constructive",
    "bias_cue": "no"
  },
  {
    "message_id": "synthetic_Brev_final_024",
    "block_id": "B_neg_revision_constructive",
    "team_id": "team_psi",
    "sender_id": "user_a23",
    "receiver_ids": ["user_b23"],
    "timestamp": "2024-05-03T11:25:00Z",
    "source": "synthetic",
    "text": "The code documentation refers to functions that have been renamed or removed. These references need to be updated to avoid confusion.",
    "feedback_category": "revision_request",
    "feedback_type": "negative",
    "intent": "constructive",
    "bias_cue": "no"
  },
  {
    "message_id": "synthetic_Brev_final_025",
    "block_id": "B_neg_revision_constructive",
    "team_id": "team_omega",
    "sender_id": "user_a24",
    "receiver_ids": ["user_b24"],
    "timestamp": "2024-05-03T11:30:00Z",
    "source": "synthetic",
    "text": "The project's maintenance plan doesn't include regular review intervals. Without scheduled checkpoints, the plan is unlikely to be followed.",
    "feedback_category": "revision_request",
    "feedback_type": "negative",
    "intent": "constructive",
    "bias_cue": "no"
  }
]