[
    {
        "message_id": "synthetic_04_001",
        "team_id": "team_alpha",
        "sender_id": "user_23",
        "receiver_ids": ["user_47"],
        "timestamp": "2024-05-03T09:35:00Z",
        "source": "synthetic",
        "text": "The draft was due yesterday, so we're already behind. Can you let us know when you'll have your section ready?",
        "feedback_category": "deadline_management",
        "feedback_type": "negative",
        "intent": "constructive",
        "bias_cue": "no"
    },
    {
        "message_id": "synthetic_04_002",
        "team_id": "team_beta",
        "sender_id": "user_58",
        "receiver_ids": ["user_12"],
        "timestamp": "2024-05-03T09:35:00Z",
        "source": "synthetic",
        "text": "We're running out of time to incorporate feedback before the final submission. We need to speed up the revision process.",
        "feedback_category": "deadline_management",
        "feedback_type": "negative",
        "intent": "constructive",
        "bias_cue": "no"
    },
    {
        "message_id": "synthetic_04_003",
        "team_id": "team_gamma",
        "sender_id": "user_34",
        "receiver_ids": ["user_76"],
        "timestamp": "2024-05-03T09:35:00Z",
        "source": "synthetic",
        "text": "The prototype testing phase is taking longer than we scheduled. We might need to adjust our remaining milestones to stay on track.",
        "feedback_category": "deadline_management",
        "feedback_type": "negative",
        "intent": "constructive",
        "bias_cue": "no"
    },
    {
        "message_id": "synthetic_04_004",
        "team_id": "team_delta",
        "sender_id": "user_89",
        "receiver_ids": ["user_21"],
        "timestamp": "2024-05-03T09:35:00Z",
        "source": "synthetic",
        "text": "Our submission deadline is Friday, but we haven't started compiling the final report yet. This puts us in a tight spot.",
        "feedback_category": "deadline_management",
        "feedback_type": "negative",
        "intent": "constructive",
        "bias_cue": "no"
    },
    {
        "message_id": "synthetic_04_005",
        "team_id": "team_epsilon",
        "sender_id": "user_65",
        "receiver_ids": ["user_33"],
        "timestamp": "2024-05-03T09:35:00Z",
        "source": "synthetic",
        "text": "The data collection delay means we can't begin analysis until next week. We should update the project timeline accordingly.",
        "feedback_category": "deadline_management",
        "feedback_type": "negative",
        "intent": "constructive",
        "bias_cue": "no"
    },
    {
        "message_id": "synthetic_04_006",
        "team_id": "team_zeta",
        "sender_id": "user_17",
        "receiver_ids": ["user_42"],
        "timestamp": "2024-05-03T09:35:00Z",
        "source": "synthetic",
        "text": "We missed our internal checkpoint for the literature review. Let's set a more realistic deadline for the revised version.",
        "feedback_category": "deadline_management",
        "feedback_type": "negative",
        "intent": "constructive",
        "bias_cue": "no"
    },
    {
        "message_id": "synthetic_04_007",
        "team_id": "team_eta",
        "sender_id": "user_90",
        "receiver_ids": ["user_28"],
        "timestamp": "2024-05-03T09:35:00Z",
        "source": "synthetic",
        "text": "The presentation rehearsal is scheduled for tomorrow, but half the slides aren't finished. We need to prioritize what's essential.",
        "feedback_category": "deadline_management",
        "feedback_type": "negative",
        "intent": "constructive",
        "bias_cue": "no"
    },
    {
        "message_id": "synthetic_04_008",
        "team_id": "team_theta",
        "sender_id": "user_03",
        "receiver_ids": ["user_55"],
        "timestamp": "2024-05-03T09:35:00Z",
        "source": "synthetic",
        "text": "We have three days until submission and still need to run final tests. This doesn't leave much room for fixing issues.",
        "feedback_category": "deadline_management",
        "feedback_type": "negative",
        "intent": "constructive",
        "bias_cue": "no"
    },
    {
        "message_id": "synthetic_04_009",
        "team_id": "team_iota",
        "sender_id": "user_71",
        "receiver_ids": ["user_39"],
        "timestamp": "2024-05-03T09:35:00Z",
        "source": "synthetic",
        "text": "The feedback from our professor is due in 48 hours, and we haven't started implementing the changes. We're cutting it close.",
        "feedback_category": "deadline_management",
        "feedback_type": "negative",
        "intent": "constructive",
        "bias_cue": "no"
    },
    {
        "message_id": "synthetic_04_010",
        "team_id": "team_kappa",
        "sender_id": "user_44",
        "receiver_ids": ["user_67"],
        "timestamp": "2024-05-03T09:35:00Z",
        "source": "synthetic",
        "text": "We planned to finish coding this week, but we're still debugging major functions. Our timeline needs immediate adjustment.",
        "feedback_category": "deadline_management",
        "feedback_type": "negative",
        "intent": "constructive",
        "bias_cue": "no"
    },
    {
        "message_id": "synthetic_04_011",
        "team_id": "team_lambda",
        "sender_id": "user_26",
        "receiver_ids": ["user_88"],
        "timestamp": "2024-05-03T09:35:00Z",
        "source": "synthetic",
        "text": "The survey responses were supposed to be analyzed by now, but we're still waiting on data entry. This delays our entire findings section.",
        "feedback_category": "deadline_management",
        "feedback_type": "negative",
        "intent": "constructive",
        "bias_cue": "no"
    },
    {
        "message_id": "synthetic_04_012",
        "team_id": "team_mu",
        "sender_id": "user_52",
        "receiver_ids": ["user_19"],
        "timestamp": "2024-05-03T09:35:00Z",
        "source": "synthetic",
        "text": "Our video presentation is due Monday, and we haven't recorded the narration yet. We should schedule recording sessions asap.",
        "feedback_category": "deadline_management",
        "feedback_type": "negative",
        "intent": "constructive",
        "bias_cue": "no"
    },
    {
        "message_id": "synthetic_04_013",
        "team_id": "team_nu",
        "sender_id": "user_77",
        "receiver_ids": ["user_61"],
        "timestamp": "2024-05-03T09:35:00Z",
        "source": "synthetic",
        "text": "The poster printing deadline is tomorrow afternoon, but the design isn't finalized. We risk missing the printing cutoff.",
        "feedback_category": "deadline_management",
        "feedback_type": "negative",
        "intent": "constructive",
        "bias_cue": "no"
    },
    {
        "message_id": "synthetic_04_014",
        "team_id": "team_xi",
        "sender_id": "user_95",
        "receiver_ids": ["user_08"],
        "timestamp": "2024-05-03T09:35:00Z",
        "source": "synthetic",
        "text": "We've fallen behind on the weekly progress report submissions. We should catch up before it affects our participation grade.",
        "feedback_category": "deadline_management",
        "feedback_type": "negative",
        "intent": "constructive",
        "bias_cue": "no"
    },
    {
        "message_id": "synthetic_04_015",
        "team_id": "team_omicron",
        "sender_id": "user_30",
        "receiver_ids": ["user_72"],
        "timestamp": "2024-05-03T09:35:00Z",
        "source": "synthetic",
        "text": "The deadline for peer evaluations is tonight, and not everyone has completed theirs. Please submit yours so we don't lose points.",
        "feedback_category": "deadline_management",
        "feedback_type": "negative",
        "intent": "constructive",
        "bias_cue": "no"
    },
    {
        "message_id": "synthetic_04_016",
        "team_id": "team_pi",
        "sender_id": "user_14",
        "receiver_ids": ["user_83"],
        "timestamp": "2024-05-03T09:35:00Z",
        "source": "synthetic",
        "text": "We have only one week left for user testing, but the prototype still has critical bugs. This compromises our testing schedule.",
        "feedback_category": "deadline_management",
        "feedback_type": "negative",
        "intent": "constructive",
        "bias_cue": "no"
    },
    {
        "message_id": "synthetic_04_017",
        "team_id": "team_rho",
        "sender_id": "user_46",
        "receiver_ids": ["user_29"],
        "timestamp": "2024-05-03T09:35:00Z",
        "source": "synthetic",
        "text": "The final paper deadline was moved up by two days, so we need to accelerate all remaining work. Let's reassess our priorities.",
        "feedback_category": "deadline_management",
        "feedback_type": "negative",
        "intent": "constructive",
        "bias_cue": "no"
    },
    {
        "message_id": "synthetic_04_018",
        "team_id": "team_sigma",
        "sender_id": "user_63",
        "receiver_ids": ["user_97"],
        "timestamp": "2024-05-03T09:35:00Z",
        "source": "synthetic",
        "text": "We're approaching the deadline for requesting equipment from the lab, and we haven't finalized our materials list. This could delay setup.",
        "feedback_category": "deadline_management",
        "feedback_type": "negative",
        "intent": "constructive",
        "bias_cue": "no"
    },
    {
        "message_id": "synthetic_04_019",
        "team_id": "team_tau",
        "sender_id": "user_05",
        "receiver_ids": ["user_38"],
        "timestamp": "2024-05-03T09:35:00Z",
        "source": "synthetic",
        "text": "The time allocated for editing is insufficient given how much revision is needed. We should extend our internal deadline for drafts.",
        "feedback_category": "deadline_management",
        "feedback_type": "negative",
        "intent": "constructive",
        "bias_cue": "no"
    },
    {
        "message_id": "synthetic_04_020",
        "team_id": "team_upsilon",
        "sender_id": "user_81",
        "receiver_ids": ["user_22"],
        "timestamp": "2024-05-03T09:35:00Z",
        "source": "synthetic",
        "text": "We have conflicting deadlines with other courses this week. We need to coordinate better to ensure our project doesn't suffer.",
        "feedback_category": "deadline_management",
        "feedback_type": "negative",
        "intent": "constructive",
        "bias_cue": "no"
    },
    {
        "message_id": "synthetic_04_021",
        "team_id": "team_phi",
        "sender_id": "user_37",
        "receiver_ids": ["user_59"],
        "timestamp": "2024-05-03T09:35:00Z",
        "source": "synthetic",
        "text": "The time it's taking to get ethical approval is pushing back our entire research phase. We need to adjust our project schedule.",
        "feedback_category": "deadline_management",
        "feedback_type": "negative",
        "intent": "constructive",
        "bias_cue": "no"
    },
    {
        "message_id": "synthetic_04_022",
        "team_id": "team_chi",
        "sender_id": "user_68",
        "receiver_ids": ["user_41"],
        "timestamp": "2024-05-03T09:35:00Z",
        "source": "synthetic",
        "text": "We're behind on creating the presentation slides, and we present in three days. We need to allocate time tomorrow to work together.",
        "feedback_category": "deadline_management",
        "feedback_type": "negative",
        "intent": "constructive",
        "bias_cue": "no"
    },
    {
        "message_id": "synthetic_04_023",
        "team_id": "team_psi",
        "sender_id": "user_50",
        "receiver_ids": ["user_73"],
        "timestamp": "2024-05-03T09:35:00Z",
        "source": "synthetic",
        "text": "The deadline for the first draft passed without us submitting. We should set stricter internal deadlines for the remaining sections.",
        "feedback_category": "deadline_management",
        "feedback_type": "negative",
        "intent": "constructive",
        "bias_cue": "no"
    },
    {
        "message_id": "synthetic_04_024",
        "team_id": "team_omega",
        "sender_id": "user_16",
        "receiver_ids": ["user_84"],
        "timestamp": "2024-05-03T09:35:00Z",
        "source": "synthetic",
        "text": "We have multiple components due simultaneously next week. Our current work pace won't meet all those deadlines without better planning.",
        "feedback_category": "deadline_management",
        "feedback_type": "negative",
        "intent": "constructive",
        "bias_cue": "no"
    },
    {
        "message_id": "synthetic_04_025",
        "team_id": "team_alpha2",
        "sender_id": "user_92",
        "receiver_ids": ["user_27"],
        "timestamp": "2024-05-03T09:35:00Z",
        "source": "synthetic",
        "text": "The time we allocated for quality checking is being consumed by unfinished primary work. We risk submitting without proper review.",
        "feedback_category": "deadline_management",
        "feedback_type": "negative",
        "intent": "constructive",
        "bias_cue": "no"
    },
    {
    "message_id": "synthetic_B04_02_001",
    "block_id": "B04_neg_deadline_constructive",
    "team_id": "team_alpha",
    "sender_id": "user_01",
    "receiver_ids": ["user_02"],
    "timestamp": "2024-05-03T09:35:00Z",
    "source": "synthetic",
    "text": "We're a full day behind on the data collection phase. Can we adjust the remaining tasks to catch up?",
    "feedback_category": "deadline_management",
    "feedback_type": "negative",
    "intent": "constructive",
    "bias_cue": "no"
  },
  {
    "message_id": "synthetic_B04_02_002",
    "block_id": "B04_neg_deadline_constructive",
    "team_id": "team_beta",
    "sender_id": "user_03",
    "receiver_ids": ["user_04"],
    "timestamp": "2024-05-03T09:40:00Z",
    "source": "synthetic",
    "text": "The feedback window for the draft is closing tomorrow and we haven't reviewed each other's sections yet.",
    "feedback_category": "deadline_management",
    "feedback_type": "negative",
    "intent": "constructive",
    "bias_cue": "no"
  },
  {
    "message_id": "synthetic_B04_02_003",
    "block_id": "B04_neg_deadline_constructive",
    "team_id": "team_gamma",
    "sender_id": "user_05",
    "receiver_ids": ["user_06"],
    "timestamp": "2024-05-03T09:45:00Z",
    "source": "synthetic",
    "text": "We scheduled testing for today but the prototype isn't ready. This delay pushes back our entire analysis timeline.",
    "feedback_category": "deadline_management",
    "feedback_type": "negative",
    "intent": "constructive",
    "bias_cue": "no"
  },
  {
    "message_id": "synthetic_B04_02_004",
    "block_id": "B04_neg_deadline_constructive",
    "team_id": "team_delta",
    "sender_id": "user_07",
    "receiver_ids": ["user_08"],
    "timestamp": "2024-05-03T09:50:00Z",
    "source": "synthetic",
    "text": "Our presentation rehearsal is in two days and we haven't finalized the slides. We need to speed up the design process.",
    "feedback_category": "deadline_management",
    "feedback_type": "negative",
    "intent": "constructive",
    "bias_cue": "no"
  },
  {
    "message_id": "synthetic_B04_02_005",
    "block_id": "B04_neg_deadline_constructive",
    "team_id": "team_epsilon",
    "sender_id": "user_09",
    "receiver_ids": ["user_10"],
    "timestamp": "2024-05-03T09:55:00Z",
    "source": "synthetic",
    "text": "The literature review was supposed to be done by now. Without it, we can't start writing the methodology section.",
    "feedback_category": "deadline_management",
    "feedback_type": "negative",
    "intent": "constructive",
    "bias_cue": "no"
  },
  {
    "message_id": "synthetic_B04_02_006",
    "block_id": "B04_neg_deadline_constructive",
    "team_id": "team_zeta",
    "sender_id": "user_11",
    "receiver_ids": ["user_12"],
    "timestamp": "2024-05-03T10:00:00Z",
    "source": "synthetic",
    "text": "We're cutting into the buffer time we allocated for revisions. Let's track progress more closely to avoid last-minute panic.",
    "feedback_category": "deadline_management",
    "feedback_type": "negative",
    "intent": "constructive",
    "bias_cue": "no"
  },
  {
    "message_id": "synthetic_B04_02_007",
    "block_id": "B04_neg_deadline_constructive",
    "team_id": "team_eta",
    "sender_id": "user_13",
    "receiver_ids": ["user_14"],
    "timestamp": "2024-05-03T10:05:00Z",
    "source": "synthetic",
    "text": "The code integration is taking longer than planned. We might need to adjust our feature list for the first deliverable.",
    "feedback_category": "deadline_management",
    "feedback_type": "negative",
    "intent": "constructive",
    "bias_cue": "no"
  },
  {
    "message_id": "synthetic_B04_02_008",
    "block_id": "B04_neg_deadline_constructive",
    "team_id": "team_theta",
    "sender_id": "user_15",
    "receiver_ids": ["user_16"],
    "timestamp": "2024-05-03T10:10:00Z",
    "source": "synthetic",
    "text": "We missed the checkpoint for submitting questions to the professor. Now we have to wait until their next office hours.",
    "feedback_category": "deadline_management",
    "feedback_type": "negative",
    "intent": "constructive",
    "bias_cue": "no"
  },
  {
    "message_id": "synthetic_B04_02_009",
    "block_id": "B04_neg_deadline_constructive",
    "team_id": "team_iota",
    "sender_id": "user_17",
    "receiver_ids": ["user_18"],
    "timestamp": "2024-05-03T10:15:00Z",
    "source": "synthetic",
    "text": "The survey deployment is delayed, which affects our data analysis schedule. Can we streamline the approval process?",
    "feedback_category": "deadline_management",
    "feedback_type": "negative",
    "intent": "constructive",
    "bias_cue": "no"
  },
  {
    "message_id": "synthetic_B04_02_010",
    "block_id": "B04_neg_deadline_constructive",
    "team_id": "team_kappa",
    "sender_id": "user_19",
    "receiver_ids": ["user_20"],
    "timestamp": "2024-05-03T10:20:00Z",
    "source": "synthetic",
    "text": "We're approaching the final week but still have three major components unfinished. Let's reassess our remaining time.",
    "feedback_category": "deadline_management",
    "feedback_type": "negative",
    "intent": "constructive",
    "bias_cue": "no"
  },
  {
    "message_id": "synthetic_B04_02_011",
    "block_id": "B04_neg_deadline_constructive",
    "team_id": "team_lambda",
    "sender_id": "user_21",
    "receiver_ids": ["user_22"],
    "timestamp": "2024-05-03T10:25:00Z",
    "source": "synthetic",
    "text": "The prototype feedback session is tomorrow, but we haven't incorporated the changes from last week's review.",
    "feedback_category": "deadline_management",
    "feedback_type": "negative",
    "intent": "constructive",
    "bias_cue": "no"
  },
  {
    "message_id": "synthetic_B04_02_012",
    "block_id": "B04_neg_deadline_constructive",
    "team_id": "team_mu",
    "sender_id": "user_23",
    "receiver_ids": ["user_24"],
    "timestamp": "2024-05-03T10:30:00Z",
    "source": "synthetic",
    "text": "We need to submit the ethics approval today or we lose a whole week. Can we prioritize finishing that document?",
    "feedback_category": "deadline_management",
    "feedback_type": "negative",
    "intent": "constructive",
    "bias_cue": "no"
  },
  {
    "message_id": "synthetic_B04_02_013",
    "block_id": "B04_neg_deadline_constructive",
    "team_id": "team_nu",
    "sender_id": "user_25",
    "receiver_ids": ["user_26"],
    "timestamp": "2024-05-03T10:35:00Z",
    "source": "synthetic",
    "text": "The video editing is taking twice as long as estimated. We might need to simplify our planned transitions.",
    "feedback_category": "deadline_management",
    "feedback_type": "negative",
    "intent": "constructive",
    "bias_cue": "no"
  },
  {
    "message_id": "synthetic_B04_02_014",
    "block_id": "B04_neg_deadline_constructive",
    "team_id": "team_xi",
    "sender_id": "user_27",
    "receiver_ids": ["user_28"],
    "timestamp": "2024-05-03T10:40:00Z",
    "source": "synthetic",
    "text": "We planned to have the interview transcripts coded by now, but we're only halfway through. This affects our analysis phase.",
    "feedback_category": "deadline_management",
    "feedback_type": "negative",
    "intent": "constructive",
    "bias_cue": "no"
  },
  {
    "message_id": "synthetic_B04_02_015",
    "block_id": "B04_neg_deadline_constructive",
    "team_id": "team_omicron",
    "sender_id": "user_29",
    "receiver_ids": ["user_30"],
    "timestamp": "2024-05-03T10:45:00Z",
    "source": "synthetic",
    "text": "Our team meeting ran over by 30 minutes, which cut into the time allocated for individual work. Let's stick to the agenda.",
    "feedback_category": "deadline_management",
    "feedback_type": "negative",
    "intent": "constructive",
    "bias_cue": "no"
  },
  {
    "message_id": "synthetic_B04_02_016",
    "block_id": "B04_neg_deadline_constructive",
    "team_id": "team_pi",
    "sender_id": "user_31",
    "receiver_ids": ["user_32"],
    "timestamp": "2024-05-03T10:50:00Z",
    "source": "synthetic",
    "text": "The design mockups were due yesterday. Without them, the front-end team can't start their implementation.",
    "feedback_category": "deadline_management",
    "feedback_type": "negative",
    "intent": "constructive",
    "bias_cue": "no"
  },
  {
    "message_id": "synthetic_B04_02_017",
    "block_id": "B04_neg_deadline_constructive",
    "team_id": "team_rho",
    "sender_id": "user_33",
    "receiver_ids": ["user_34"],
    "timestamp": "2024-05-03T10:55:00Z",
    "source": "synthetic",
    "text": "We're getting very close to the deadline, so we may need to adjust our plan to avoid rushing the final submission.",
    "feedback_category": "deadline_management",
    "feedback_type": "negative",
    "intent": "constructive",
    "bias_cue": "no"
  },
  {
    "message_id": "synthetic_B04_02_018",
    "block_id": "B04_neg_deadline_constructive",
    "team_id": "team_sigma",
    "sender_id": "user_35",
    "receiver_ids": ["user_36"],
    "timestamp": "2024-05-03T11:00:00Z",
    "source": "synthetic",
    "text": "The data visualization is behind schedule. We might need to use simpler charts to meet the presentation deadline.",
    "feedback_category": "deadline_management",
    "feedback_type": "negative",
    "intent": "constructive",
    "bias_cue": "no"
  },
  {
    "message_id": "synthetic_B04_02_019",
    "block_id": "B04_neg_deadline_constructive",
    "team_id": "team_tau",
    "sender_id": "user_37",
    "receiver_ids": ["user_38"],
    "timestamp": "2024-05-03T11:05:00Z",
    "source": "synthetic",
    "text": "We scheduled peer review for today, but some sections haven't been shared yet. This pushes back the revision cycle.",
    "feedback_category": "deadline_management",
    "feedback_type": "negative",
    "intent": "constructive",
    "bias_cue": "no"
  },
  {
    "message_id": "synthetic_B04_02_020",
    "block_id": "B04_neg_deadline_constructive",
    "team_id": "team_upsilon",
    "sender_id": "user_39",
    "receiver_ids": ["user_40"],
    "timestamp": "2024-05-03T11:10:00Z",
    "source": "synthetic",
    "text": "The client meeting was rescheduled to next week, which delays our feedback collection. We need to adjust our timeline accordingly.",
    "feedback_category": "deadline_management",
    "feedback_type": "negative",
    "intent": "constructive",
    "bias_cue": "no"
  },
  {
    "message_id": "synthetic_B04_02_021",
    "block_id": "B04_neg_deadline_constructive",
    "team_id": "team_phi",
    "sender_id": "user_41",
    "receiver_ids": ["user_42"],
    "timestamp": "2024-05-03T11:15:00Z",
    "source": "synthetic",
    "text": "We're running out of time for user testing. Maybe we can reduce the number of test cases to fit within our schedule.",
    "feedback_category": "deadline_management",
    "feedback_type": "negative",
    "intent": "constructive",
    "bias_cue": "no"
  },
  {
    "message_id": "synthetic_B04_02_022",
    "block_id": "B04_neg_deadline_constructive",
    "team_id": "team_chi",
    "sender_id": "user_43",
    "receiver_ids": ["user_44"],
    "timestamp": "2024-05-03T11:20:00Z",
    "source": "synthetic",
    "text": "The bibliography compilation is taking longer than expected. We should dedicate specific time to this task tomorrow.",
    "feedback_category": "deadline_management",
    "feedback_type": "negative",
    "intent": "constructive",
    "bias_cue": "no"
  },
  {
    "message_id": "synthetic_B04_02_023",
    "block_id": "B04_neg_deadline_constructive",
    "team_id": "team_psi",
    "sender_id": "user_45",
    "receiver_ids": ["user_46"],
    "timestamp": "2024-05-03T11:25:00Z",
    "source": "synthetic",
    "text": "We planned to finish the coding today, but debugging is taking more time. Let's extend this phase by a day.",
    "feedback_category": "deadline_management",
    "feedback_type": "negative",
    "intent": "constructive",
    "bias_cue": "no"
  },
  {
    "message_id": "synthetic_B04_02_024",
    "block_id": "B04_neg_deadline_constructive",
    "team_id": "team_omega",
    "sender_id": "user_47",
    "receiver_ids": ["user_48"],
    "timestamp": "2024-05-03T11:30:00Z",
    "source": "synthetic",
    "text": "The storyboard for the video isn't ready, and filming was supposed to start tomorrow. We need to accelerate the planning.",
    "feedback_category": "deadline_management",
    "feedback_type": "negative",
    "intent": "constructive",
    "bias_cue": "no"
  },
  {
    "message_id": "synthetic_B04_02_025",
    "block_id": "B04_neg_deadline_constructive",
    "team_id": "team_alpha",
    "sender_id": "user_49",
    "receiver_ids": ["user_50"],
    "timestamp": "2024-05-03T11:35:00Z",
    "source": "synthetic",
    "text": "We're waiting on the survey results, but the collection period ends tomorrow. Can we check the response rate and adjust?",
    "feedback_category": "deadline_management",
    "feedback_type": "negative",
    "intent": "constructive",
    "bias_cue": "no"
  },
  {
    "message_id": "synthetic_B04_02_026",
    "block_id": "B04_neg_deadline_constructive",
    "team_id": "team_beta",
    "sender_id": "user_51",
    "receiver_ids": ["user_52"],
    "timestamp": "2024-05-03T11:40:00Z",
    "source": "synthetic",
    "text": "The final edit was supposed to be done by now, but we're still finding formatting issues. This is cutting into our submission buffer.",
    "feedback_category": "deadline_management",
    "feedback_type": "negative",
    "intent": "constructive",
    "bias_cue": "no"
  },
  {
    "message_id": "synthetic_B04_02_027",
    "block_id": "B04_neg_deadline_constructive",
    "team_id": "team_gamma",
    "sender_id": "user_53",
    "receiver_ids": ["user_54"],
    "timestamp": "2024-05-03T11:45:00Z",
    "source": "synthetic",
    "text": "We allocated only one day for slide creation, but it clearly needs more time. Let's adjust the schedule to avoid rushed work.",
    "feedback_category": "deadline_management",
    "feedback_type": "negative",
    "intent": "constructive",
    "bias_cue": "no"
  },
  {
    "message_id": "synthetic_B04_02_028",
    "block_id": "B04_neg_deadline_constructive",
    "team_id": "team_delta",
    "sender_id": "user_55",
    "receiver_ids": ["user_56"],
    "timestamp": "2024-05-03T11:50:00Z",
    "source": "synthetic",
    "text": "The prototype revision is taking longer because of unexpected technical issues. We might need to scale back some features.",
    "feedback_category": "deadline_management",
    "feedback_type": "negative",
    "intent": "constructive",
    "bias_cue": "no"
  },
  {
    "message_id": "synthetic_B04_02_029",
    "block_id": "B04_neg_deadline_constructive",
    "team_id": "team_epsilon",
    "sender_id": "user_57",
    "receiver_ids": ["user_58"],
    "timestamp": "2024-05-03T11:55:00Z",
    "source": "synthetic",
    "text": "We're behind on compiling the appendix materials. This is holding up the final document assembly.",
    "feedback_category": "deadline_management",
    "feedback_type": "negative",
    "intent": "constructive",
    "bias_cue": "no"
  },
  {
    "message_id": "synthetic_B04_02_030",
    "block_id": "B04_neg_deadline_constructive",
    "team_id": "team_zeta",
    "sender_id": "user_59",
    "receiver_ids": ["user_60"],
    "timestamp": "2024-05-03T12:00:00Z",
    "source": "synthetic",
    "text": "The meeting to divide final tasks was postponed, which delays everyone's individual deadlines. Can we reschedule for today?",
    "feedback_category": "deadline_management",
    "feedback_type": "negative",
    "intent": "constructive",
    "bias_cue": "no"
  },
  {
    "message_id": "synthetic_B04_02_031",
    "block_id": "B04_neg_deadline_constructive",
    "team_id": "team_eta",
    "sender_id": "user_61",
    "receiver_ids": ["user_62"],
    "timestamp": "2024-05-03T12:05:00Z",
    "source": "synthetic",
    "text": "We planned to have three rounds of testing, but time constraints might only allow for two. Let's prioritize critical test cases.",
    "feedback_category": "deadline_management",
    "feedback_type": "negative",
    "intent": "constructive",
    "bias_cue": "no"
  },
  {
    "message_id": "synthetic_B04_02_032",
    "block_id": "B04_neg_deadline_constructive",
    "team_id": "team_theta",
    "sender_id": "user_63",
    "receiver_ids": ["user_64"],
    "timestamp": "2024-05-03T12:10:00Z",
    "source": "synthetic",
    "text": "The data cleaning phase is extending beyond its allotted time. We need to streamline our process or adjust subsequent phases.",
    "feedback_category": "deadline_management",
    "feedback_type": "negative",
    "intent": "constructive",
    "bias_cue": "no"
  },
  {
    "message_id": "synthetic_B04_02_033",
    "block_id": "B04_neg_deadline_constructive",
    "team_id": "team_iota",
    "sender_id": "user_65",
    "receiver_ids": ["user_66"],
    "timestamp": "2024-05-03T12:15:00Z",
    "source": "synthetic",
    "text": "We're missing the interim progress report deadline. Should we ask for an extension or submit what we have?",
    "feedback_category": "deadline_management",
    "feedback_type": "negative",
    "intent": "constructive",
    "bias_cue": "no"
  },
  {
    "message_id": "synthetic_B04_02_034",
    "block_id": "B04_neg_deadline_constructive",
    "team_id": "team_kappa",
    "sender_id": "user_67",
    "receiver_ids": ["user_68"],
    "timestamp": "2024-05-03T12:20:00Z",
    "source": "synthetic",
    "text": "The time allocated for peer feedback was too short. Now we have to rush through comments, which isn't helpful.",
    "feedback_category": "deadline_management",
    "feedback_type": "negative",
    "intent": "constructive",
    "bias_cue": "no"
  },
  {
    "message_id": "synthetic_B04_02_035",
    "block_id": "B04_neg_deadline_constructive",
    "team_id": "team_lambda",
    "sender_id": "user_69",
    "receiver_ids": ["user_70"],
    "timestamp": "2024-05-03T12:25:00Z",
    "source": "synthetic",
    "text": "We're approaching the hardware checkout deadline but our prototype isn't ready. We might need to switch to simulation.",
    "feedback_category": "deadline_management",
    "feedback_type": "negative",
    "intent": "constructive",
    "bias_cue": "no"
  },
  {
    "message_id": "synthetic_B04_02_036",
    "block_id": "B04_neg_deadline_constructive",
    "team_id": "team_mu",
    "sender_id": "user_71",
    "receiver_ids": ["user_72"],
    "timestamp": "2024-05-03T12:30:00Z",
    "source": "synthetic",
    "text": "The script for the presentation video isn't finalized, and recording starts tomorrow. We need to lock it down today.",
    "feedback_category": "deadline_management",
    "feedback_type": "negative",
    "intent": "constructive",
    "bias_cue": "no"
  },
  {
    "message_id": "synthetic_B04_02_037",
    "block_id": "B04_neg_deadline_constructive",
    "team_id": "team_nu",
    "sender_id": "user_73",
    "receiver_ids": ["user_74"],
    "timestamp": "2024-05-03T12:35:00Z",
    "source": "synthetic",
    "text": "We're waiting on external data that was promised last week. This delay is affecting our entire project timeline.",
    "feedback_category": "deadline_management",
    "feedback_type": "negative",
    "intent": "constructive",
    "bias_cue": "no"
  },
  {
    "message_id": "synthetic_B04_02_038",
    "block_id": "B04_neg_deadline_constructive",
    "team_id": "team_xi",
    "sender_id": "user_75",
    "receiver_ids": ["user_76"],
    "timestamp": "2024-05-03T12:40:00Z",
    "source": "synthetic",
    "text": "The poster design was supposed to be reviewed today, but it's still in draft form. We're running out of printing time.",
    "feedback_category": "deadline_management",
    "feedback_type": "negative",
    "intent": "constructive",
    "bias_cue": "no"
  },
  {
    "message_id": "synthetic_B04_02_039",
    "block_id": "B04_neg_deadline_constructive",
    "team_id": "team_omicron",
    "sender_id": "user_77",
    "receiver_ids": ["user_78"],
    "timestamp": "2024-05-03T12:45:00Z",
    "source": "synthetic",
    "text": "We planned to integrate all modules today, but some aren't ready. This pushes testing back by at least two days.",
    "feedback_category": "deadline_management",
    "feedback_type": "negative",
    "intent": "constructive",
    "bias_cue": "no"
  },
  {
    "message_id": "synthetic_B04_02_040",
    "block_id": "B04_neg_deadline_constructive",
    "team_id": "team_pi",
    "sender_id": "user_79",
    "receiver_ids": ["user_80"],
    "timestamp": "2024-05-03T12:50:00Z",
    "source": "synthetic",
    "text": "The time we allocated for research is almost up, but we haven't reached a conclusion yet. We need to focus our analysis.",
    "feedback_category": "deadline_management",
    "feedback_type": "negative",
    "intent": "constructive",
    "bias_cue": "no"
  },
  {
    "message_id": "synthetic_B04_02_041",
    "block_id": "B04_neg_deadline_constructive",
    "team_id": "team_rho",
    "sender_id": "user_81",
    "receiver_ids": ["user_82"],
    "timestamp": "2024-05-03T12:55:00Z",
    "source": "synthetic",
    "text": "We're behind on updating the project log. This makes it hard to track our actual progress against the timeline.",
    "feedback_category": "deadline_management",
    "feedback_type": "negative",
    "intent": "constructive",
    "bias_cue": "no"
  },
  {
    "message_id": "synthetic_B04_02_042",
    "block_id": "B04_neg_deadline_constructive",
    "team_id": "team_sigma",
    "sender_id": "user_83",
    "receiver_ids": ["user_84"],
    "timestamp": "2024-05-03T13:00:00Z",
    "source": "synthetic",
    "text": "The rehearsal for the demo is scheduled for tomorrow, but we haven't practiced the transitions yet. Let's prioritize that today.",
    "feedback_category": "deadline_management",
    "feedback_type": "negative",
    "intent": "constructive",
    "bias_cue": "no"
  },
  {
    "message_id": "synthetic_B04_02_043",
    "block_id": "B04_neg_deadline_constructive",
    "team_id": "team_tau",
    "sender_id": "user_85",
    "receiver_ids": ["user_86"],
    "timestamp": "2024-05-03T13:05:00Z",
    "source": "synthetic",
    "text": "We're cutting into the time reserved for quality assurance. This increases the risk of errors in the final deliverable.",
    "feedback_category": "deadline_management",
    "feedback_type": "negative",
    "intent": "constructive",
    "bias_cue": "no"
  },
  {
    "message_id": "synthetic_B04_02_044",
    "block_id": "B04_neg_deadline_constructive",
    "team_id": "team_upsilon",
    "sender_id": "user_87",
    "receiver_ids": ["user_88"],
    "timestamp": "2024-05-03T13:10:00Z",
    "source": "synthetic",
    "text": "The graphic assets aren't ready, which delays the web team's work. We need to expedite the design phase.",
    "feedback_category": "deadline_management",
    "feedback_type": "negative",
    "intent": "constructive",
    "bias_cue": "no"
  },
  {
    "message_id": "synthetic_B04_02_045",
    "block_id": "B04_neg_deadline_constructive",
    "team_id": "team_phi",
    "sender_id": "user_89",
    "receiver_ids": ["user_90"],
    "timestamp": "2024-05-03T13:15:00Z",
    "source": "synthetic",
    "text": "We scheduled the final team meeting during exam week, which was poor planning. Can we move it earlier?",
    "feedback_category": "deadline_management",
    "feedback_type": "negative",
    "intent": "constructive",
    "bias_cue": "no"
  },
  {
    "message_id": "synthetic_B04_02_046",
    "block_id": "B04_neg_deadline_constructive",
    "team_id": "team_chi",
    "sender_id": "user_91",
    "receiver_ids": ["user_92"],
    "timestamp": "2024-05-03T13:20:00Z",
    "source": "synthetic",
    "text": "The time we set aside for reflection is being eaten by unfinished tasks. Maybe we should shorten the reflection document.",
    "feedback_category": "deadline_management",
    "feedback_type": "negative",
    "intent": "constructive",
    "bias_cue": "no"
  },
  {
    "message_id": "synthetic_B04_02_047",
    "block_id": "B04_neg_deadline_constructive",
    "team_id": "team_psi",
    "sender_id": "user_93",
    "receiver_ids": ["user_94"],
    "timestamp": "2024-05-03T13:25:00Z",
    "source": "synthetic",
    "text": "We're approaching the library resource return deadline, but we still need some materials. Let's scan what we need today.",
    "feedback_category": "deadline_management",
    "feedback_type": "negative",
    "intent": "constructive",
    "bias_cue": "no"
  },
  {
    "message_id": "synthetic_B04_02_048",
    "block_id": "B04_neg_deadline_constructive",
    "team_id": "team_omega",
    "sender_id": "user_95",
    "receiver_ids": ["user_96"],
    "timestamp": "2024-05-03T13:30:00Z",
    "source": "synthetic",
    "text": "The time between our rehearsal and the actual presentation is too short for major changes. We need to finalize content sooner.",
    "feedback_category": "deadline_management",
    "feedback_type": "negative",
    "intent": "constructive",
    "bias_cue": "no"
  },
  {
    "message_id": "synthetic_B04_02_049",
    "block_id": "B04_neg_deadline_constructive",
    "team_id": "team_alpha",
    "sender_id": "user_97",
    "receiver_ids": ["user_98"],
    "timestamp": "2024-05-03T13:35:00Z",
    "source": "synthetic",
    "text": "We planned to have the budget finalized yesterday, but we're still waiting on quotes. This delays our purchasing timeline.",
    "feedback_category": "deadline_management",
    "feedback_type": "negative",
    "intent": "constructive",
    "bias_cue": "no"
  },
  {
    "message_id": "synthetic_B04_02_050",
    "block_id": "B04_neg_deadline_constructive",
    "team_id": "team_beta",
    "sender_id": "user_99",
    "receiver_ids": ["user_00"],
    "timestamp": "2024-05-03T13:40:00Z",
    "source": "synthetic",
    "text": "The time tracking shows we're spending too long on minor details. We need to stay focused on critical path items.",
    "feedback_category": "deadline_management",
    "feedback_type": "negative",
    "intent": "constructive",
    "bias_cue": "no"
  },
  {
    "message_id": "synthetic_B04_03_001",
    "block_id": "B04_neg_deadline_constructive",
    "team_id": "team_alpha",
    "sender_id": "user_01",
    "receiver_ids": ["user_02"],
    "timestamp": "2024-05-03T09:35:00Z",
    "source": "synthetic",
    "text": "Approval for our survey questions is taking longer than expected, which pushes back our entire data collection schedule.",
    "feedback_category": "deadline_management",
    "feedback_type": "negative",
    "intent": "constructive",
    "bias_cue": "no"
  },
  {
    "message_id": "synthetic_B04_03_002",
    "block_id": "B04_neg_deadline_constructive",
    "team_id": "team_beta",
    "sender_id": "user_03",
    "receiver_ids": ["user_04"],
    "timestamp": "2024-05-03T09:40:00Z",
    "source": "synthetic",
    "text": "We haven't defined clear checkpoints for the coding phase. This makes it hard to track if we're actually on schedule.",
    "feedback_category": "deadline_management",
    "feedback_type": "negative",
    "intent": "constructive",
    "bias_cue": "no"
  },
  {
    "message_id": "synthetic_B04_03_003",
    "block_id": "B04_neg_deadline_constructive",
    "team_id": "team_gamma",
    "sender_id": "user_05",
    "receiver_ids": ["user_06"],
    "timestamp": "2024-05-03T09:45:00Z",
    "source": "synthetic",
    "text": "Waiting for the interview transcripts is creating a bottleneck. The analysis team can't start until they receive them.",
    "feedback_category": "deadline_management",
    "feedback_type": "negative",
    "intent": "constructive",
    "bias_cue": "no"
  },
  {
    "message_id": "synthetic_B04_03_004",
    "block_id": "B04_neg_deadline_constructive",
    "team_id": "team_delta",
    "sender_id": "user_07",
    "receiver_ids": ["user_08"],
    "timestamp": "2024-05-03T09:50:00Z",
    "source": "synthetic",
    "text": "Our timeline assumes we can finish the research in two days, but realistically it'll take at least four. We should adjust now.",
    "feedback_category": "deadline_management",
    "feedback_type": "negative",
    "intent": "constructive",
    "bias_cue": "no"
  },
  {
    "message_id": "synthetic_B04_03_005",
    "block_id": "B04_neg_deadline_constructive",
    "team_id": "team_epsilon",
    "sender_id": "user_09",
    "receiver_ids": ["user_10"],
    "timestamp": "2024-05-03T09:55:00Z",
    "source": "synthetic",
    "text": "Last-minute changes to the presentation structure mean we're redoing slides we thought were finished. This isn't sustainable.",
    "feedback_category": "deadline_management",
    "feedback_type": "negative",
    "intent": "constructive",
    "bias_cue": "no"
  },
  {
    "message_id": "synthetic_B04_03_006",
    "block_id": "B04_neg_deadline_constructive",
    "team_id": "team_zeta",
    "sender_id": "user_11",
    "receiver_ids": ["user_12"],
    "timestamp": "2024-05-03T10:00:00Z",
    "source": "synthetic",
    "text": "The library booking for our study room got pushed back a week. We need to find an alternative workspace or adjust our meeting plans.",
    "feedback_category": "deadline_management",
    "feedback_type": "negative",
    "intent": "constructive",
    "bias_cue": "no"
  },
  {
    "message_id": "synthetic_B04_03_007",
    "block_id": "B04_neg_deadline_constructive",
    "team_id": "team_eta",
    "sender_id": "user_13",
    "receiver_ids": ["user_14"],
    "timestamp": "2024-05-03T10:05:00Z",
    "source": "synthetic",
    "text": "Our peer review process is taking twice as long as we scheduled. Maybe we should streamline our feedback format to save time.",
    "feedback_category": "deadline_management",
    "feedback_type": "negative",
    "intent": "constructive",
    "bias_cue": "no"
  },
  {
    "message_id": "synthetic_B04_03_008",
    "block_id": "B04_neg_deadline_constructive",
    "team_id": "team_theta",
    "sender_id": "user_15",
    "receiver_ids": ["user_16"],
    "timestamp": "2024-05-03T10:10:00Z",
    "source": "synthetic",
    "text": "We're stuck waiting for the professor's feedback on our proposal. Without it, we can't confidently move forward with the next phase.",
    "feedback_category": "deadline_management",
    "feedback_type": "negative",
    "intent": "constructive",
    "bias_cue": "no"
  },
  {
    "message_id": "synthetic_B04_03_009",
    "block_id": "B04_neg_deadline_constructive",
    "team_id": "team_iota",
    "sender_id": "user_17",
    "receiver_ids": ["user_18"],
    "timestamp": "2024-05-03T10:15:00Z",
    "source": "synthetic",
    "text": "Several tasks are slipping past their planned dates, so we should revisit the timeline before it affects the final delivery.",
    "feedback_category": "deadline_management",
    "feedback_type": "negative",
    "intent": "constructive",
    "bias_cue": "no"
  },
  {
    "message_id": "synthetic_B04_03_010",
    "block_id": "B04_neg_deadline_constructive",
    "team_id": "team_kappa",
    "sender_id": "user_19",
    "receiver_ids": ["user_20"],
    "timestamp": "2024-05-03T10:20:00Z",
    "source": "synthetic",
    "text": "The equipment we ordered for testing hasn't arrived yet. We might need to modify our experiment to use available resources.",
    "feedback_category": "deadline_management",
    "feedback_type": "negative",
    "intent": "constructive",
    "bias_cue": "no"
  },
  {
    "message_id": "synthetic_B04_03_011",
    "block_id": "B04_neg_deadline_constructive",
    "team_id": "team_lambda",
    "sender_id": "user_21",
    "receiver_ids": ["user_22"],
    "timestamp": "2024-05-03T10:25:00Z",
    "source": "synthetic",
    "text": "Our meeting schedule keeps changing because we haven't locked down regular availability. This creates confusion about when work gets done.",
    "feedback_category": "deadline_management",
    "feedback_type": "negative",
    "intent": "constructive",
    "bias_cue": "no"
  },
  {
    "message_id": "synthetic_B04_03_012",
    "block_id": "B04_neg_deadline_constructive",
    "team_id": "team_mu",
    "sender_id": "user_23",
    "receiver_ids": ["user_24"],
    "timestamp": "2024-05-03T10:30:00Z",
    "source": "synthetic",
    "text": "The time we allocated for creating graphics was underestimated. We're spending hours on design software we're not familiar with.",
    "feedback_category": "deadline_management",
    "feedback_type": "negative",
    "intent": "constructive",
    "bias_cue": "no"
  },
  {
    "message_id": "synthetic_B04_03_013",
    "block_id": "B04_neg_deadline_constructive",
    "team_id": "team_nu",
    "sender_id": "user_25",
    "receiver_ids": ["user_26"],
    "timestamp": "2024-05-03T10:35:00Z",
    "source": "synthetic",
    "text": "We planned to start testing today, but the build keeps failing. We need to allocate time for debugging in our schedule.",
    "feedback_category": "deadline_management",
    "feedback_type": "negative",
    "intent": "constructive",
    "bias_cue": "no"
  },
  {
    "message_id": "synthetic_B04_03_014",
    "block_id": "B04_neg_deadline_constructive",
    "team_id": "team_xi",
    "sender_id": "user_27",
    "receiver_ids": ["user_28"],
    "timestamp": "2024-05-03T10:40:00Z",
    "source": "synthetic",
    "text": "The dataset we're using is larger than anticipated, and processing is taking much longer. We should adjust our analysis timeline.",
    "feedback_category": "deadline_management",
    "feedback_type": "negative",
    "intent": "constructive",
    "bias_cue": "no"
  },
  {
    "message_id": "synthetic_B04_03_015",
    "block_id": "B04_neg_deadline_constructive",
    "team_id": "team_omicron",
    "sender_id": "user_29",
    "receiver_ids": ["user_30"],
    "timestamp": "2024-05-03T10:45:00Z",
    "source": "synthetic",
    "text": "Our revision cycle is taking too long because we keep adding new feedback instead of finalizing. Let's set a cutoff point.",
    "feedback_category": "deadline_management",
    "feedback_type": "negative",
    "intent": "constructive",
    "bias_cue": "no"
  },
  {
    "message_id": "synthetic_B04_03_016",
    "block_id": "B04_neg_deadline_constructive",
    "team_id": "team_pi",
    "sender_id": "user_31",
    "receiver_ids": ["user_32"],
    "timestamp": "2024-05-03T10:50:00Z",
    "source": "synthetic",
    "text": "We're waiting on consent forms from participants, which delays when we can start analyzing the interview data.",
    "feedback_category": "deadline_management",
    "feedback_type": "negative",
    "intent": "constructive",
    "bias_cue": "no"
  },
  {
    "message_id": "synthetic_B04_03_017",
    "block_id": "B04_neg_deadline_constructive",
    "team_id": "team_rho",
    "sender_id": "user_33",
    "receiver_ids": ["user_34"],
    "timestamp": "2024-05-03T10:55:00Z",
    "source": "synthetic",
    "text": "The presentation rehearsal got moved to the day before the actual presentation. That doesn't leave time for meaningful improvements.",
    "feedback_category": "deadline_management",
    "feedback_type": "negative",
    "intent": "constructive",
    "bias_cue": "no"
  },
  {
    "message_id": "synthetic_B04_03_018",
    "block_id": "B04_neg_deadline_constructive",
    "team_id": "team_sigma",
    "sender_id": "user_35",
    "receiver_ids": ["user_36"],
    "timestamp": "2024-05-03T11:00:00Z",
    "source": "synthetic",
    "text": "We haven't scheduled any buffer time for unexpected issues. One technical problem could throw off our entire project timeline.",
    "feedback_category": "deadline_management",
    "feedback_type": "negative",
    "intent": "constructive",
    "bias_cue": "no"
  },
  {
    "message_id": "synthetic_B04_03_019",
    "block_id": "B04_neg_deadline_constructive",
    "team_id": "team_tau",
    "sender_id": "user_37",
    "receiver_ids": ["user_38"],
    "timestamp": "2024-05-03T11:05:00Z",
    "source": "synthetic",
    "text": "The video rendering is taking hours longer than we planned. We need to account for processing time in future schedules.",
    "feedback_category": "deadline_management",
    "feedback_type": "negative",
    "intent": "constructive",
    "bias_cue": "no"
  },
  {
    "message_id": "synthetic_B04_03_020",
    "block_id": "B04_neg_deadline_constructive",
    "team_id": "team_upsilon",
    "sender_id": "user_39",
    "receiver_ids": ["user_40"],
    "timestamp": "2024-05-03T11:10:00Z",
    "source": "synthetic",
    "text": "Our work is getting blocked because we haven't decided on a color scheme yet. The design team needs that decision to proceed.",
    "feedback_category": "deadline_management",
    "feedback_type": "negative",
    "intent": "constructive",
    "bias_cue": "no"
  },
  {
    "message_id": "synthetic_B04_03_021",
    "block_id": "B04_neg_deadline_constructive",
    "team_id": "team_phi",
    "sender_id": "user_41",
    "receiver_ids": ["user_42"],
    "timestamp": "2024-05-03T11:15:00Z",
    "source": "synthetic",
    "text": "The printing service for our posters needs 48-hour notice, but we're still editing. We risk missing the physical submission deadline.",
    "feedback_category": "deadline_management",
    "feedback_type": "negative",
    "intent": "constructive",
    "bias_cue": "no"
  },
  {
    "message_id": "synthetic_B04_03_022",
    "block_id": "B04_neg_deadline_constructive",
    "team_id": "team_chi",
    "sender_id": "user_43",
    "receiver_ids": ["user_44"],
    "timestamp": "2024-05-03T11:20:00Z",
    "source": "synthetic",
    "text": "We're spending too much time discussing minor details in meetings instead of making decisions. This slows down our progress.",
    "feedback_category": "deadline_management",
    "feedback_type": "negative",
    "intent": "constructive",
    "bias_cue": "no"
  },
  {
    "message_id": "synthetic_B04_03_023",
    "block_id": "B04_neg_deadline_constructive",
    "team_id": "team_psi",
    "sender_id": "user_45",
    "receiver_ids": ["user_46"],
    "timestamp": "2024-05-03T11:25:00Z",
    "source": "synthetic",
    "text": "The software license we need is awaiting departmental approval. We might need a backup tool if this takes too long.",
    "feedback_category": "deadline_management",
    "feedback_type": "negative",
    "intent": "constructive",
    "bias_cue": "no"
  },
  {
    "message_id": "synthetic_B04_03_024",
    "block_id": "B04_neg_deadline_constructive",
    "team_id": "team_omega",
    "sender_id": "user_47",
    "receiver_ids": ["user_48"],
    "timestamp": "2024-05-03T11:30:00Z",
    "source": "synthetic",
    "text": "Our task dependencies aren't clearly mapped. Some people are waiting on outputs that haven't been identified as prerequisites.",
    "feedback_category": "deadline_management",
    "feedback_type": "negative",
    "intent": "constructive",
    "bias_cue": "no"
  },
  {
    "message_id": "synthetic_B04_03_025",
    "block_id": "B04_neg_deadline_constructive",
    "team_id": "team_alpha",
    "sender_id": "user_49",
    "receiver_ids": ["user_50"],
    "timestamp": "2024-05-03T11:35:00Z",
    "source": "synthetic",
    "text": "The feedback from our practice presentation came late, so we have less time to implement the suggested changes.",
    "feedback_category": "deadline_management",
    "feedback_type": "negative",
    "intent": "constructive",
    "bias_cue": "no"
  },
  {
    "message_id": "synthetic_B04_03_026",
    "block_id": "B04_neg_deadline_constructive",
    "team_id": "team_beta",
    "sender_id": "user_51",
    "receiver_ids": ["user_52"],
    "timestamp": "2024-05-03T11:40:00Z",
    "source": "synthetic",
    "text": "We scheduled all our intense work during midterm week. That was poor planning given everyone's other academic commitments.",
    "feedback_category": "deadline_management",
    "feedback_type": "negative",
    "intent": "constructive",
    "bias_cue": "no"
  },
  {
    "message_id": "synthetic_B04_03_027",
    "block_id": "B04_neg_deadline_constructive",
    "team_id": "team_gamma",
    "sender_id": "user_53",
    "receiver_ids": ["user_54"],
    "timestamp": "2024-05-03T11:45:00Z",
    "source": "synthetic",
    "text": "The translation of our survey into another language is taking longer than quoted. We might miss our planned distribution date.",
    "feedback_category": "deadline_management",
    "feedback_type": "negative",
    "intent": "constructive",
    "bias_cue": "no"
  },
  {
    "message_id": "synthetic_B04_03_028",
    "block_id": "B04_neg_deadline_constructive",
    "team_id": "team_delta",
    "sender_id": "user_55",
    "receiver_ids": ["user_56"],
    "timestamp": "2024-05-03T11:50:00Z",
    "source": "synthetic",
    "text": "We haven't accounted for the time needed to learn the new API we're using. The documentation is more complex than expected.",
    "feedback_category": "deadline_management",
    "feedback_type": "negative",
    "intent": "constructive",
    "bias_cue": "no"
  },
  {
    "message_id": "synthetic_B04_03_029",
    "block_id": "B04_neg_deadline_constructive",
    "team_id": "team_epsilon",
    "sender_id": "user_57",
    "receiver_ids": ["user_58"],
    "timestamp": "2024-05-03T11:55:00Z",
    "source": "synthetic",
    "text": "The time zone differences are making synchronous work difficult. We might need to rely more on asynchronous communication.",
    "feedback_category": "deadline_management",
    "feedback_type": "negative",
    "intent": "constructive",
    "bias_cue": "no"
  },
  {
    "message_id": "synthetic_B04_03_030",
    "block_id": "B04_neg_deadline_constructive",
    "team_id": "team_zeta",
    "sender_id": "user_59",
    "receiver_ids": ["user_60"],
    "timestamp": "2024-05-03T12:00:00Z",
    "source": "synthetic",
    "text": "Our backup and version control process is disorganized, leading to time wasted finding the correct files or recovering work.",
    "feedback_category": "deadline_management",
    "feedback_type": "negative",
    "intent": "constructive",
    "bias_cue": "no"
  },
  {
    "message_id": "synthetic_B04_03_031",
    "block_id": "B04_neg_deadline_constructive",
    "team_id": "team_eta",
    "sender_id": "user_61",
    "receiver_ids": ["user_62"],
    "timestamp": "2024-05-03T12:05:00Z",
    "source": "synthetic",
    "text": "The rubric for the final submission was just updated. We need to review our work against the new criteria, which takes time.",
    "feedback_category": "deadline_management",
    "feedback_type": "negative",
    "intent": "constructive",
    "bias_cue": "no"
  },
  {
    "message_id": "synthetic_B04_03_032",
    "block_id": "B04_neg_deadline_constructive",
    "team_id": "team_theta",
    "sender_id": "user_63",
    "receiver_ids": ["user_64"],
    "timestamp": "2024-05-03T12:10:00Z",
    "source": "synthetic",
    "text": "We're redoing work because requirements weren't clearly communicated at the start. This is costing us valuable time.",
    "feedback_category": "deadline_management",
    "feedback_type": "negative",
    "intent": "constructive",
    "bias_cue": "no"
  },
  {
    "message_id": "synthetic_B04_03_033",
    "block_id": "B04_neg_deadline_constructive",
    "team_id": "team_iota",
    "sender_id": "user_65",
    "receiver_ids": ["user_66"],
    "timestamp": "2024-05-03T12:15:00Z",
    "source": "synthetic",
    "text": "The time allocated for formatting the final report is insufficient. Proper formatting is taking longer than writing the content.",
    "feedback_category": "deadline_management",
    "feedback_type": "negative",
    "intent": "constructive",
    "bias_cue": "no"
  },
  {
    "message_id": "synthetic_B04_03_034",
    "block_id": "B04_neg_deadline_constructive",
    "team_id": "team_kappa",
    "sender_id": "user_67",
    "receiver_ids": ["user_68"],
    "timestamp": "2024-05-03T12:20:00Z",
    "source": "synthetic",
    "text": "We planned to use a specific lab, but it's booked solid next week. We need to find an alternative space or adjust our testing schedule.",
    "feedback_category": "deadline_management",
    "feedback_type": "negative",
    "intent": "constructive",
    "bias_cue": "no"
  },
  {
    "message_id": "synthetic_B04_03_035",
    "block_id": "B04_neg_deadline_constructive",
    "team_id": "team_lambda",
    "sender_id": "user_69",
    "receiver_ids": ["user_70"],
    "timestamp": "2024-05-03T12:25:00Z",
    "source": "synthetic",
    "text": "Our group chat has become cluttered with off-topic messages, making it hard to find important updates about deadlines.",
    "feedback_category": "deadline_management",
    "feedback_type": "negative",
    "intent": "constructive",
    "bias_cue": "no"
  },
  {
    "message_id": "synthetic_B04_03_036",
    "block_id": "B04_neg_deadline_constructive",
    "team_id": "team_mu",
    "sender_id": "user_71",
    "receiver_ids": ["user_72"],
    "timestamp": "2024-05-03T12:30:00Z",
    "source": "synthetic",
    "text": "The prototype broke during transportation, and repairing it will take a day we hadn't budgeted for.",
    "feedback_category": "deadline_management",
    "feedback_type": "negative",
    "intent": "constructive",
    "bias_cue": "no"
  },
  {
    "message_id": "synthetic_B04_03_037",
    "block_id": "B04_neg_deadline_constructive",
    "team_id": "team_nu",
    "sender_id": "user_73",
    "receiver_ids": ["user_74"],
    "timestamp": "2024-05-03T12:35:00Z",
    "source": "synthetic",
    "text": "We're waiting for copyright clearance to use certain images in our report. This is holding up the completion of the design section.",
    "feedback_category": "deadline_management",
    "feedback_type": "negative",
    "intent": "constructive",
    "bias_cue": "no"
  },
  {
    "message_id": "synthetic_B04_03_038",
    "block_id": "B04_neg_deadline_constructive",
    "team_id": "team_xi",
    "sender_id": "user_75",
    "receiver_ids": ["user_76"],
    "timestamp": "2024-05-03T12:40:00Z",
    "source": "synthetic",
    "text": "Our weekly progress updates aren't highlighting timeline risks early enough. By the time we notice a delay, it's already significant.",
    "feedback_category": "deadline_management",
    "feedback_type": "negative",
    "intent": "constructive",
    "bias_cue": "no"
  },
  {
    "message_id": "synthetic_B04_03_039",
    "block_id": "B04_neg_deadline_constructive",
    "team_id": "team_omicron",
    "sender_id": "user_77",
    "receiver_ids": ["user_78"],
    "timestamp": "2024-05-03T12:45:00Z",
    "source": "synthetic",
    "text": "The data validation script has errors, and fixing them is taking longer than running the actual analysis would.",
    "feedback_category": "deadline_management",
    "feedback_type": "negative",
    "intent": "constructive",
    "bias_cue": "no"
  },
  {
    "message_id": "synthetic_B04_03_040",
    "block_id": "B04_neg_deadline_constructive",
    "team_id": "team_pi",
    "sender_id": "user_79",
    "receiver_ids": ["user_80"],
    "timestamp": "2024-05-03T12:50:00Z",
    "source": "synthetic",
    "text": "We haven't coordinated our individual spring break travel plans. This could leave us unable to work together for a critical week.",
    "feedback_category": "deadline_management",
    "feedback_type": "negative",
    "intent": "constructive",
    "bias_cue": "no"
  },
  {
    "message_id": "synthetic_B04_03_041",
    "block_id": "B04_neg_deadline_constructive",
    "team_id": "team_rho",
    "sender_id": "user_81",
    "receiver_ids": ["user_82"],
    "timestamp": "2024-05-03T12:55:00Z",
    "source": "synthetic",
    "text": "The time spent on creating a perfect Gantt chart would have been better spent on actual project work. Our planning is too elaborate.",
    "feedback_category": "deadline_management",
    "feedback_type": "negative",
    "intent": "constructive",
    "bias_cue": "no"
  },
  {
    "message_id": "synthetic_B04_03_042",
    "block_id": "B04_neg_deadline_constructive",
    "team_id": "team_sigma",
    "sender_id": "user_83",
    "receiver_ids": ["user_84"],
    "timestamp": "2024-05-03T13:00:00Z",
    "source": "synthetic",
    "text": "We scheduled client interviews back-to-back without breaks. By the third one, we were fatigued and the quality of notes suffered.",
    "feedback_category": "deadline_management",
    "feedback_type": "negative",
    "intent": "constructive",
    "bias_cue": "no"
  },
  {
    "message_id": "synthetic_B04_03_043",
    "block_id": "B04_neg_deadline_constructive",
    "team_id": "team_tau",
    "sender_id": "user_85",
    "receiver_ids": ["user_86"],
    "timestamp": "2024-05-03T13:05:00Z",
    "source": "synthetic",
    "text": "The submission portal has specific time windows for upload, and we missed the first one. Now we're working against a tighter deadline.",
    "feedback_category": "deadline_management",
    "feedback_type": "negative",
    "intent": "constructive",
    "bias_cue": "no"
  },
  {
    "message_id": "synthetic_B04_03_044",
    "block_id": "B04_neg_deadline_constructive",
    "team_id": "team_upsilon",
    "sender_id": "user_87",
    "receiver_ids": ["user_88"],
    "timestamp": "2024-05-03T13:10:00Z",
    "source": "synthetic",
    "text": "We didn't factor in the time needed to compile and submit all the separate components through different online systems.",
    "feedback_category": "deadline_management",
    "feedback_type": "negative",
    "intent": "constructive",
    "bias_cue": "no"
  },
  {
    "message_id": "synthetic_B04_03_045",
    "block_id": "B04_neg_deadline_constructive",
    "team_id": "team_phi",
    "sender_id": "user_89",
    "receiver_ids": ["user_90"],
    "timestamp": "2024-05-03T13:15:00Z",
    "source": "synthetic",
    "text": "Our work is sequential, but we didn't schedule handoff meetings. Now there's confusion about when one person's output is ready for the next.",
    "feedback_category": "deadline_management",
    "feedback_type": "negative",
    "intent": "constructive",
    "bias_cue": "no"
  },
  {
    "message_id": "synthetic_B04_03_046",
    "block_id": "B04_neg_deadline_constructive",
    "team_id": "team_chi",
    "sender_id": "user_91",
    "receiver_ids": ["user_92"],
    "timestamp": "2024-05-03T13:20:00Z",
    "source": "synthetic",
    "text": "The time we spend on weekly administrative tasks (scheduling, note-taking) is eating into our productive work time.",
    "feedback_category": "deadline_management",
    "feedback_type": "negative",
    "intent": "constructive",
    "bias_cue": "no"
  },
  {
    "message_id": "synthetic_B04_03_047",
    "block_id": "B04_neg_deadline_constructive",
    "team_id": "team_psi",
    "sender_id": "user_93",
    "receiver_ids": ["user_94"],
    "timestamp": "2024-05-03T13:25:00Z",
    "source": "synthetic",
    "text": "We're experiencing scope creep, adding 'nice-to-have' features without adjusting the timeline accordingly.",
    "feedback_category": "deadline_management",
    "feedback_type": "negative",
    "intent": "constructive",
    "bias_cue": "no"
  },
  {
    "message_id": "synthetic_B04_03_048",
    "block_id": "B04_neg_deadline_constructive",
    "team_id": "team_omega",
    "sender_id": "user_95",
    "receiver_ids": ["user_96"],
    "timestamp": "2024-05-03T13:30:00Z",
    "source": "synthetic",
    "text": "The reference management software we chose is slowing us down more than helping. We might need to switch to a simpler method.",
    "feedback_category": "deadline_management",
    "feedback_type": "negative",
    "intent": "constructive",
    "bias_cue": "no"
  },
  {
    "message_id": "synthetic_B04_03_049",
    "block_id": "B04_neg_deadline_constructive",
    "team_id": "team_alpha",
    "sender_id": "user_97",
    "receiver_ids": ["user_98"],
    "timestamp": "2024-05-03T13:35:00Z",
    "source": "synthetic",
    "text": "We planned to finish the report a week early, but constant minor revisions are preventing us from reaching a final version.",
    "feedback_category": "deadline_management",
    "feedback_type": "negative",
    "intent": "constructive",
    "bias_cue": "no"
  },
  {
    "message_id": "synthetic_B04_03_050",
    "block_id": "B04_neg_deadline_constructive",
    "team_id": "team_beta",
    "sender_id": "user_99",
    "receiver_ids": ["user_00"],
    "timestamp": "2024-05-03T13:40:00Z",
    "source": "synthetic",
    "text": "The time allocated for team bonding and informal check-ins was excessive and has impacted our progress on actual deliverables.",
    "feedback_category": "deadline_management",
    "feedback_type": "negative",
    "intent": "constructive",
    "bias_cue": "no"
  },
  {
    "message_id": "synthetic_B04_final_001",
    "block_id": "B04_neg_deadline_constructive",
    "team_id": "team_alpha",
    "sender_id": "user_a1",
    "receiver_ids": ["user_b1"],
    "timestamp": "2024-05-03T09:35:00Z",
    "source": "synthetic",
    "text": "We're starting the testing phase without finalizing our success criteria, which could lead to ambiguous results and wasted time.",
    "feedback_category": "deadline_management",
    "feedback_type": "negative",
    "intent": "constructive",
    "bias_cue": "no"
  },
  {
    "message_id": "synthetic_B04_final_002",
    "block_id": "B04_neg_deadline_constructive",
    "team_id": "team_beta",
    "sender_id": "user_a2",
    "receiver_ids": ["user_b2"],
    "timestamp": "2024-05-03T09:40:00Z",
    "source": "synthetic",
    "text": "Our meeting to sync with the other project team keeps getting postponed. This is delaying our integration planning.",
    "feedback_category": "deadline_management",
    "feedback_type": "negative",
    "intent": "constructive",
    "bias_cue": "no"
  },
  {
    "message_id": "synthetic_B04_final_003",
    "block_id": "B04_neg_deadline_constructive",
    "team_id": "team_gamma",
    "sender_id": "user_a3",
    "receiver_ids": ["user_b3"],
    "timestamp": "2024-05-03T09:45:00Z",
    "source": "synthetic",
    "text": "The feedback we're getting on our drafts is too vague to act on quickly. We need more specific comments to make efficient revisions.",
    "feedback_category": "deadline_management",
    "feedback_type": "negative",
    "intent": "constructive",
    "bias_cue": "no"
  },
  {
    "message_id": "synthetic_B04_final_004",
    "block_id": "B04_neg_deadline_constructive",
    "team_id": "team_delta",
    "sender_id": "user_a4",
    "receiver_ids": ["user_b4"],
    "timestamp": "2024-05-03T09:50:00Z",
    "source": "synthetic",
    "text": "We didn't account for the university's network maintenance downtime next week. That could block our cloud-based work for a day.",
    "feedback_category": "deadline_management",
    "feedback_type": "negative",
    "intent": "constructive",
    "bias_cue": "no"
  },
  {
    "message_id": "synthetic_B04_final_005",
    "block_id": "B04_neg_deadline_constructive",
    "team_id": "team_epsilon",
    "sender_id": "user_a5",
    "receiver_ids": ["user_b5"],
    "timestamp": "2024-05-03T09:55:00Z",
    "source": "synthetic",
    "text": "Our project management tool isn't being updated in real-time. This makes it hard to know what's actually completed versus what's in progress.",
    "feedback_category": "deadline_management",
    "feedback_type": "negative",
    "intent": "constructive",
    "bias_cue": "no"
  },
  {
    "message_id": "synthetic_B04_final_006",
    "block_id": "B04_neg_deadline_constructive",
    "team_id": "team_zeta",
    "sender_id": "user_a6",
    "receiver_ids": ["user_b6"],
    "timestamp": "2024-05-03T10:00:00Z",
    "source": "synthetic",
    "text": "The venue for our final showcase was changed, and the new space has different tech requirements. We need to adjust our setup plan quickly.",
    "feedback_category": "deadline_management",
    "feedback_type": "negative",
    "intent": "constructive",
    "bias_cue": "no"
  },
  {
    "message_id": "synthetic_B04_final_007",
    "block_id": "B04_neg_deadline_constructive",
    "team_id": "team_eta",
    "sender_id": "user_a7",
    "receiver_ids": ["user_b7"],
    "timestamp": "2024-05-03T10:05:00Z",
    "source": "synthetic",
    "text": "We're halfway through the semester but haven't established a consistent weekly workflow. This inconsistency is making progress unpredictable.",
    "feedback_category": "deadline_management",
    "feedback_type": "negative",
    "intent": "constructive",
    "bias_cue": "no"
  },
  {
    "message_id": "synthetic_B04_final_008",
    "block_id": "B04_neg_deadline_constructive",
    "team_id": "team_theta",
    "sender_id": "user_a8",
    "receiver_ids": ["user_b8"],
    "timestamp": "2024-05-03T10:10:00Z",
    "source": "synthetic",
    "text": "The simulation we're running takes 12 hours to complete, and we only scheduled one attempt. We need to build in time for multiple runs in case of errors.",
    "feedback_category": "deadline_management",
    "feedback_type": "negative",
    "intent": "constructive",
    "bias_cue": "no"
  },
  {
    "message_id": "synthetic_B04_final_009",
    "block_id": "B04_neg_deadline_constructive",
    "team_id": "team_iota",
    "sender_id": "user_a9",
    "receiver_ids": ["user_b9"],
    "timestamp": "2024-05-03T10:15:00Z",
    "source": "synthetic",
    "text": "We're planning to use a paid dataset but haven't finalized the purchase process through the department. This uncertainty is blocking our analysis.",
    "feedback_category": "deadline_management",
    "feedback_type": "negative",
    "intent": "constructive",
    "bias_cue": "no"
  },
  {
    "message_id": "synthetic_B04_final_010",
    "block_id": "B04_neg_deadline_constructive",
    "team_id": "team_kappa",
    "sender_id": "user_a10",
    "receiver_ids": ["user_b10"],
    "timestamp": "2024-05-03T10:20:00Z",
    "source": "synthetic",
    "text": "The guidelines for the final report were updated after we started writing. Realigning our structure is taking longer than we anticipated.",
    "feedback_category": "deadline_management",
    "feedback_type": "negative",
    "intent": "constructive",
    "bias_cue": "no"
  },
  {
    "message_id": "synthetic_B04_final_011",
    "block_id": "B04_neg_deadline_constructive",
    "team_id": "team_lambda",
    "sender_id": "user_a11",
    "receiver_ids": ["user_b11"],
    "timestamp": "2024-05-03T10:25:00Z",
    "source": "synthetic",
    "text": "We scheduled all our complex coding work during finals week. That was an oversight given everyone's other academic pressures.",
    "feedback_category": "deadline_management",
    "feedback_type": "negative",
    "intent": "constructive",
    "bias_cue": "no"
  },
  {
    "message_id": "synthetic_B04_final_012",
    "block_id": "B04_neg_deadline_constructive",
    "team_id": "team_mu",
    "sender_id": "user_a12",
    "receiver_ids": ["user_b12"],
    "timestamp": "2024-05-03T10:30:00Z",
    "source": "synthetic",
    "text": "Our division of labor has some people overloaded this week while others are waiting. We need to balance the workload across the timeline better.",
    "feedback_category": "deadline_management",
    "feedback_type": "negative",
    "intent": "constructive",
    "bias_cue": "no"
  },
  {
    "message_id": "synthetic_B04_final_013",
    "block_id": "B04_neg_deadline_constructive",
    "team_id": "team_nu",
    "sender_id": "user_a13",
    "receiver_ids": ["user_b13"],
    "timestamp": "2024-05-03T10:35:00Z",
    "source": "synthetic",
    "text": "We're relying on an external API that has occasional downtime. We haven't planned for what to do if it's unavailable during critical testing.",
    "feedback_category": "deadline_management",
    "feedback_type": "negative",
    "intent": "constructive",
    "bias_cue": "no"
  },
  {
    "message_id": "synthetic_B04_final_014",
    "block_id": "B04_neg_deadline_constructive",
    "team_id": "team_xi",
    "sender_id": "user_a14",
    "receiver_ids": ["user_b14"],
    "timestamp": "2024-05-03T10:40:00Z",
    "source": "synthetic",
    "text": "The process for getting our prototype materials reimbursed is taking weeks. We should have initiated the paperwork much earlier.",
    "feedback_category": "deadline_management",
    "feedback_type": "negative",
    "intent": "constructive",
    "bias_cue": "no"
  },
  {
    "message_id": "synthetic_B04_final_015",
    "block_id": "B04_neg_deadline_constructive",
    "team_id": "team_omicron",
    "sender_id": "user_a15",
    "receiver_ids": ["user_b15"],
    "timestamp": "2024-05-03T10:45:00Z",
    "source": "synthetic",
    "text": "We haven't synchronized our individual task completion with the group review schedule. People are finishing at different times, causing delays.",
    "feedback_category": "deadline_management",
    "feedback_type": "negative",
    "intent": "constructive",
    "bias_cue": "no"
  },
  {
    "message_id": "synthetic_B04_final_016",
    "block_id": "B04_neg_deadline_constructive",
    "team_id": "team_pi",
    "sender_id": "user_a16",
    "receiver_ids": ["user_b16"],
    "timestamp": "2024-05-03T10:50:00Z",
    "source": "synthetic",
    "text": "The software we're using for analysis has a steep learning curve that we underestimated. It's slowing down our initial data processing.",
    "feedback_category": "deadline_management",
    "feedback_type": "negative",
    "intent": "constructive",
    "bias_cue": "no"
  },
  {
    "message_id": "synthetic_B04_final_017",
    "block_id": "B04_neg_deadline_constructive",
    "team_id": "team_rho",
    "sender_id": "user_a17",
    "receiver_ids": ["user_b17"],
    "timestamp": "2024-05-03T10:55:00Z",
    "source": "synthetic",
    "text": "Our communication about progress updates is sporadic. It's hard to gauge if we're on track without regular check-ins.",
    "feedback_category": "deadline_management",
    "feedback_type": "negative",
    "intent": "constructive",
    "bias_cue": "no"
  },
  {
    "message_id": "synthetic_B04_final_018",
    "block_id": "B04_neg_deadline_constructive",
    "team_id": "team_sigma",
    "sender_id": "user_a18",
    "receiver_ids": ["user_b18"],
    "timestamp": "2024-05-03T11:00:00Z",
    "source": "synthetic",
    "text": "The lab equipment calibration is behind schedule, which is pushing back our experimental runs. We might need to adjust our data collection plan.",
    "feedback_category": "deadline_management",
    "feedback_type": "negative",
    "intent": "constructive",
    "bias_cue": "no"
  },
  {
    "message_id": "synthetic_B04_final_019",
    "block_id": "B04_neg_deadline_constructive",
    "team_id": "team_tau",
    "sender_id": "user_a19",
    "receiver_ids": ["user_b19"],
    "timestamp": "2024-05-03T11:05:00Z",
    "source": "synthetic",
    "text": "We're duplicating work because two subgroups didn't communicate they were tackling the same research question from different angles.",
    "feedback_category": "deadline_management",
    "feedback_type": "negative",
    "intent": "constructive",
    "bias_cue": "no"
  },
  {
    "message_id": "synthetic_B04_final_020",
    "block_id": "B04_neg_deadline_constructive",
    "team_id": "team_upsilon",
    "sender_id": "user_a20",
    "receiver_ids": ["user_b20"],
    "timestamp": "2024-05-03T11:10:00Z",
    "source": "synthetic",
    "text": "The time we spend transitioning between different virtual collaboration tools is eating into our productive meeting time.",
    "feedback_category": "deadline_management",
    "feedback_type": "negative",
    "intent": "constructive",
    "bias_cue": "no"
  },
  {
    "message_id": "synthetic_B04_final_021",
    "block_id": "B04_neg_deadline_constructive",
    "team_id": "team_phi",
    "sender_id": "user_a21",
    "receiver_ids": ["user_b21"],
    "timestamp": "2024-05-03T11:15:00Z",
    "source": "synthetic",
    "text": "Our project timeline doesn't account for the upcoming holiday break when campus resources will be unavailable.",
    "feedback_category": "deadline_management",
    "feedback_type": "negative",
    "intent": "constructive",
    "bias_cue": "no"
  },
  {
    "message_id": "synthetic_B04_final_022",
    "block_id": "B04_neg_deadline_constructive",
    "team_id": "team_chi",
    "sender_id": "user_a22",
    "receiver_ids": ["user_b22"],
    "timestamp": "2024-05-03T11:20:00Z",
    "source": "synthetic",
    "text": "We keep revisiting decisions we thought were finalized, which is causing rework and schedule slippage.",
    "feedback_category": "deadline_management",
    "feedback_type": "negative",
    "intent": "constructive",
    "bias_cue": "no"
  },
  {
    "message_id": "synthetic_B04_final_023",
    "block_id": "B04_neg_deadline_constructive",
    "team_id": "team_psi",
    "sender_id": "user_a23",
    "receiver_ids": ["user_b23"],
    "timestamp": "2024-05-03T11:25:00Z",
    "source": "synthetic",
    "text": "The archive we need for historical data has restricted access hours. We didn't schedule our research around their availability.",
    "feedback_category": "deadline_management",
    "feedback_type": "negative",
    "intent": "constructive",
    "bias_cue": "no"
  },
  {
    "message_id": "synthetic_B04_final_024",
    "block_id": "B04_neg_deadline_constructive",
    "team_id": "team_omega",
    "sender_id": "user_a24",
    "receiver_ids": ["user_b24"],
    "timestamp": "2024-05-03T11:30:00Z",
    "source": "synthetic",
    "text": "We're approaching the stage where we need to consolidate everyone's work, but we haven't agreed on a file structure or naming convention.",
    "feedback_category": "deadline_management",
    "feedback_type": "negative",
    "intent": "constructive",
    "bias_cue": "no"
  },
  {
    "message_id": "synthetic_B04_final_025",
    "block_id": "B04_neg_deadline_constructive",
    "team_id": "team_alpha",
    "sender_id": "user_a25",
    "receiver_ids": ["user_b25"],
    "timestamp": "2024-05-03T11:35:00Z",
    "source": "synthetic",
    "text": "Our progress tracking is based on optimistic estimates rather than actual time spent. This makes our projected completion dates unreliable.",
    "feedback_category": "deadline_management",
    "feedback_type": "negative",
    "intent": "constructive",
    "bias_cue": "no"
  }
]