[
    {
        "message_id": "synthetic_03_001",
        "team_id": "team_alpha",
        "sender_id": "user_47",
        "receiver_ids": ["user_19"],
        "timestamp": "2024-05-03T09:35:00Z",
        "source": "synthetic",
        "text": "I'm taking over the design entirely. People with artistic backgrounds just don't understand functional requirements.",
        "feedback_category": "decision_assertion",
        "feedback_type": "negative",
        "intent": "harmful",
        "bias_cue": "yes"
    },
    {
        "message_id": "synthetic_03_002",
        "team_id": "team_beta",
        "sender_id": "user_62",
        "receiver_ids": ["user_33"],
        "timestamp": "2024-05-03T09:35:00Z",
        "source": "synthetic",
        "text": "We're using my analysis method and that's final. Your approach is too simplistic for someone who hasn't taken advanced statistics.",
        "feedback_category": "decision_assertion",
        "feedback_type": "negative",
        "intent": "harmful",
        "bias_cue": "yes"
    },
    {
        "message_id": "synthetic_03_003",
        "team_id": "team_gamma",
        "sender_id": "user_85",
        "receiver_ids": ["user_41"],
        "timestamp": "2024-05-03T09:35:00Z",
        "source": "synthetic",
        "text": "I'll present the whole project. We can't risk having someone with poor English skills speak for us during the final demo.",
        "feedback_category": "decision_assertion",
        "feedback_type": "negative",
        "intent": "harmful",
        "bias_cue": "yes"
    },
    {
        "message_id": "synthetic_03_004",
        "team_id": "team_delta",
        "sender_id": "user_23",
        "receiver_ids": ["user_58"],
        "timestamp": "2024-05-03T09:35:00Z",
        "source": "synthetic",
        "text": "I'm rewriting your code section. Non-CS majors always write inefficient algorithms that break under pressure.",
        "feedback_category": "decision_assertion",
        "feedback_type": "negative",
        "intent": "harmful",
        "bias_cue": "yes"
    },
    {
        "message_id": "synthetic_03_005",
        "team_id": "team_epsilon",
        "sender_id": "user_74",
        "receiver_ids": ["user_12"],
        "timestamp": "2024-05-03T09:35:00Z",
        "source": "synthetic",
        "text": "I'm making all formatting decisions from now on. Some people just have terrible aesthetic judgment and it shows.",
        "feedback_category": "decision_assertion",
        "feedback_type": "negative",
        "intent": "harmful",
        "bias_cue": "yes"
    },
    {
        "message_id": "synthetic_03_006",
        "team_id": "team_zeta",
        "sender_id": "user_06",
        "receiver_ids": ["user_67"],
        "timestamp": "2024-05-03T09:35:00Z",
        "source": "synthetic",
        "text": "The interview questions will be mine alone. Extroverts like you ask leading questions that ruin the data.",
        "feedback_category": "decision_assertion",
        "feedback_type": "negative",
        "intent": "harmful",
        "bias_cue": "yes"
    },
    {
        "message_id": "synthetic_03_007",
        "team_id": "team_eta",
        "sender_id": "user_29",
        "receiver_ids": ["user_90"],
        "timestamp": "2024-05-03T09:35:00Z",
        "source": "synthetic",
        "text": "I'm handling the budget calculations myself. People who are bad at math shouldn't be trusted with numbers.",
        "feedback_category": "decision_assertion",
        "feedback_type": "negative",
        "intent": "harmful",
        "bias_cue": "yes"
    },
    {
        "message_id": "synthetic_03_008",
        "team_id": "team_theta",
        "sender_id": "user_51",
        "receiver_ids": ["user_28"],
        "timestamp": "2024-05-03T09:35:00Z",
        "source": "synthetic",
        "text": "We're using my timeline. Your schedule is unrealistic because part-time students don't understand the workload.",
        "feedback_category": "decision_assertion",
        "feedback_type": "negative",
        "intent": "harmful",
        "bias_cue": "yes"
    },
    {
        "message_id": "synthetic_03_009",
        "team_id": "team_iota",
        "sender_id": "user_37",
        "receiver_ids": ["user_64"],
        "timestamp": "2024-05-03T09:35:00Z",
        "source": "synthetic",
        "text": "I'm deciding the research methodology. Your suggestion is too qualitative, which is typical for liberal arts thinkers.",
        "feedback_category": "decision_assertion",
        "feedback_type": "negative",
        "intent": "harmful",
        "bias_cue": "yes"
    },
    {
        "message_id": "synthetic_03_010",
        "team_id": "team_kappa",
        "sender_id": "user_95",
        "receiver_ids": ["user_21"],
        "timestamp": "2024-05-03T09:35:00Z",
        "source": "synthetic",
        "text": "I'm taking charge of client communication. You're too awkward in professional settings to represent us properly.",
        "feedback_category": "decision_assertion",
        "feedback_type": "negative",
        "intent": "harmful",
        "bias_cue": "yes"
    },
    {
        "message_id": "synthetic_03_011",
        "team_id": "team_lambda",
        "sender_id": "user_13",
        "receiver_ids": ["user_79"],
        "timestamp": "2024-05-03T09:35:00Z",
        "source": "synthetic",
        "text": "We're doing the prototype my way. Your design philosophy is outdated and doesn't appeal to younger users.",
        "feedback_category": "decision_assertion",
        "feedback_type": "negative",
        "intent": "harmful",
        "bias_cue": "yes"
    },
    {
        "message_id": "synthetic_03_012",
        "team_id": "team_mu",
        "sender_id": "user_42",
        "receiver_ids": ["user_17"],
        "timestamp": "2024-05-03T09:35:00Z",
        "source": "synthetic",
        "text": "I'm writing the executive summary alone. Your writing style is too verbose for someone who reads slowly.",
        "feedback_category": "decision_assertion",
        "feedback_type": "negative",
        "intent": "harmful",
        "bias_cue": "yes"
    },
    {
        "message_id": "synthetic_03_013",
        "team_id": "team_nu",
        "sender_id": "user_88",
        "receiver_ids": ["user_05"],
        "timestamp": "2024-05-03T09:35:00Z",
        "source": "synthetic",
        "text": "I'm choosing which data to include. First-year students don't have the experience to judge what's relevant.",
        "feedback_category": "decision_assertion",
        "feedback_type": "negative",
        "intent": "harmful",
        "bias_cue": "yes"
    },
    {
        "message_id": "synthetic_03_014",
        "team_id": "team_xi",
        "sender_id": "user_26",
        "receiver_ids": ["user_53"],
        "timestamp": "2024-05-03T09:35:00Z",
        "source": "synthetic",
        "text": "I'm handling all software decisions. People who use Macs never understand system compatibility issues.",
        "feedback_category": "decision_assertion",
        "feedback_type": "negative",
        "intent": "harmful",
        "bias_cue": "yes"
    },
    {
        "message_id": "synthetic_03_015",
        "team_id": "team_omicron",
        "sender_id": "user_70",
        "receiver_ids": ["user_34"],
        "timestamp": "2024-05-03T09:35:00Z",
        "source": "synthetic",
        "text": "I'm setting the meeting times. People with children always have scheduling conflicts that slow us down.",
        "feedback_category": "decision_assertion",
        "feedback_type": "negative",
        "intent": "harmful",
        "bias_cue": "yes"
    },
    {
        "message_id": "synthetic_03_016",
        "team_id": "team_pi",
        "sender_id": "user_61",
        "receiver_ids": ["user_92"],
        "timestamp": "2024-05-03T09:35:00Z",
        "source": "synthetic",
        "text": "I'm revising the survey structure. International students don't understand how to phrase questions for local respondents.",
        "feedback_category": "decision_assertion",
        "feedback_type": "negative",
        "intent": "harmful",
        "bias_cue": "yes"
    },
    {
        "message_id": "synthetic_03_017",
        "team_id": "team_rho",
        "sender_id": "user_03",
        "receiver_ids": ["user_45"],
        "timestamp": "2024-05-03T09:35:00Z",
        "source": "synthetic",
        "text": "I'm deciding our presentation order. People who get nervous easily shouldn't go near the important sections.",
        "feedback_category": "decision_assertion",
        "feedback_type": "negative",
        "intent": "harmful",
        "bias_cue": "yes"
    },
    {
        "message_id": "synthetic_03_018",
        "team_id": "team_sigma",
        "sender_id": "user_77",
        "receiver_ids": ["user_30"],
        "timestamp": "2024-05-03T09:35:00Z",
        "source": "synthetic",
        "text": "I'm selecting the color scheme. Men typically have terrible color coordination so I'll handle this myself.",
        "feedback_category": "decision_assertion",
        "feedback_type": "negative",
        "intent": "harmful",
        "bias_cue": "yes"
    },
    {
        "message_id": "synthetic_03_019",
        "team_id": "team_tau",
        "sender_id": "user_54",
        "receiver_ids": ["user_81"],
        "timestamp": "2024-05-03T09:35:00Z",
        "source": "synthetic",
        "text": "I'm taking control of the testing phase. Athletes like you focus more on physical stuff than attention to detail.",
        "feedback_category": "decision_assertion",
        "feedback_type": "negative",
        "intent": "harmful",
        "bias_cue": "yes"
    },
    {
        "message_id": "synthetic_03_020",
        "team_id": "team_upsilon",
        "sender_id": "user_16",
        "receiver_ids": ["user_49"],
        "timestamp": "2024-05-03T09:35:00Z",
        "source": "synthetic",
        "text": "I'm managing the GitHub repository. Older students struggle with version control systems, so I'll handle all commits.",
        "feedback_category": "decision_assertion",
        "feedback_type": "negative",
        "intent": "harmful",
        "bias_cue": "yes"
    },
    {
        "message_id": "synthetic_03_021",
        "team_id": "team_phi",
        "sender_id": "user_72",
        "receiver_ids": ["user_38"],
        "timestamp": "2024-05-03T09:35:00Z",
        "source": "synthetic",
        "text": "I'm creating the project milestones. People who work slowly need to be given very simple, discrete tasks.",
        "feedback_category": "decision_assertion",
        "feedback_type": "negative",
        "intent": "harmful",
        "bias_cue": "yes"
    },
    {
        "message_id": "synthetic_03_022",
        "team_id": "team_chi",
        "sender_id": "user_99",
        "receiver_ids": ["user_22"],
        "timestamp": "2024-05-03T09:35:00Z",
        "source": "synthetic",
        "text": "I'm writing the literature review framework. Transfer students don't have the same research foundation as the rest of us.",
        "feedback_category": "decision_assertion",
        "feedback_type": "negative",
        "intent": "harmful",
        "bias_cue": "yes"
    },
    {
        "message_id": "synthetic_03_023",
        "team_id": "team_psi",
        "sender_id": "user_08",
        "receiver_ids": ["user_66"],
        "timestamp": "2024-05-03T09:35:00Z",
        "source": "synthetic",
        "text": "I'm determining our success metrics. Your suggestions are too subjective, which is common for emotionally-driven people.",
        "feedback_category": "decision_assertion",
        "feedback_type": "negative",
        "intent": "harmful",
        "bias_cue": "yes"
    },
    {
        "message_id": "synthetic_03_024",
        "team_id": "team_omega",
        "sender_id": "user_35",
        "receiver_ids": ["user_71"],
        "timestamp": "2024-05-03T09:35:00Z",
        "source": "synthetic",
        "text": "I'm approving all visual content. People without design training always choose tacky graphics that look amateurish.",
        "feedback_category": "decision_assertion",
        "feedback_type": "negative",
        "intent": "harmful",
        "bias_cue": "yes"
    },
    {
        "message_id": "synthetic_03_025",
        "team_id": "team_alpha2",
        "sender_id": "user_59",
        "receiver_ids": ["user_14"],
        "timestamp": "2024-05-03T09:35:00Z",
        "source": "synthetic",
        "text": "I'm deciding how we allocate tasks. Quiet people like you don't speak up about preferences, so I'll just assign you what's left.",
        "feedback_category": "decision_assertion",
        "feedback_type": "negative",
        "intent": "harmful",
        "bias_cue": "yes"
    },
    {
"message_id": "synthetic_B03_02_001",
"block_id": "B03_neg_decision_assertion_harmful",
"team_id": "team_alpha",
"sender_id": "user_a",
"receiver_ids": ["user_b"],
"timestamp": "2024-05-03T09:35:00Z",
"source": "synthetic",
"text": "I'm overriding the design vote because some people don't have an eye for aesthetics, so we're going with my layout.",
"feedback_category": "decision_assertion",
"feedback_type": "negative",
"intent": "harmful",
"bias_cue": "yes"
},
{
"message_id": "synthetic_B03_02_002",
"block_id": "B03_neg_decision_assertion_harmful",
"team_id": "team_beta",
"sender_id": "user_c",
"receiver_ids": ["user_d"],
"timestamp": "2024-05-03T09:40:00Z",
"source": "synthetic",
"text": "I've decided we'll use Python instead of Java since the rest of you aren't as experienced, and I don't want to slow down.",
"feedback_category": "decision_assertion",
"feedback_type": "negative",
"intent": "harmful",
"bias_cue": "yes"
},
{
"message_id": "synthetic_B03_02_003",
"block_id": "B03_neg_decision_assertion_harmful",
"team_id": "team_gamma",
"sender_id": "user_e",
"receiver_ids": ["user_f", "user_g"],
"timestamp": "2024-05-03T09:45:00Z",
"source": "synthetic",
"text": "I'm taking charge of the backend code; you guys can handle the documentation since it's less critical.",
"feedback_category": "decision_assertion",
"feedback_type": "negative",
"intent": "harmful",
"bias_cue": "yes"
},
{
"message_id": "synthetic_B03_02_004",
"block_id": "B03_neg_decision_assertion_harmful",
"team_id": "team_delta",
"sender_id": "user_h",
"receiver_ids": ["user_i"],
"timestamp": "2024-05-03T09:50:00Z",
"source": "synthetic",
"text": "We're using my slide template. Your ideas are too chaotic for a professional presentation.",
"feedback_category": "decision_assertion",
"feedback_type": "negative",
"intent": "harmful",
"bias_cue": "yes"
},
{
"message_id": "synthetic_B03_02_005",
"block_id": "B03_neg_decision_assertion_harmful",
"team_id": "team_epsilon",
"sender_id": "user_j",
"receiver_ids": ["user_a"],
"timestamp": "2024-05-03T09:55:00Z",
"source": "synthetic",
"text": "I'll be the one to present to the professor because I know how to articulate things better than this group.",
"feedback_category": "decision_assertion",
"feedback_type": "negative",
"intent": "harmful",
"bias_cue": "yes"
},
{
"message_id": "synthetic_B03_02_006",
"block_id": "B03_neg_decision_assertion_harmful",
"team_id": "team_zeta",
"sender_id": "user_b",
"receiver_ids": ["user_c", "user_d"],
"timestamp": "2024-05-03T10:00:00Z",
"source": "synthetic",
"text": "I've scheduled the meeting for 7 AM; if you can't make it, that's your problem for not being morning people.",
"feedback_category": "decision_assertion",
"feedback_type": "negative",
"intent": "harmful",
"bias_cue": "yes"
},
{
"message_id": "synthetic_B03_02_007",
"block_id": "B03_neg_decision_assertion_harmful",
"team_id": "team_eta",
"sender_id": "user_e",
"receiver_ids": ["user_f"],
"timestamp": "2024-05-03T10:05:00Z",
"source": "synthetic",
"text": "We're doing surveys instead of interviews because some of you aren't good at talking to people.",
"feedback_category": "decision_assertion",
"feedback_type": "negative",
"intent": "harmful",
"bias_cue": "yes"
},
{
"message_id": "synthetic_B03_02_008",
"block_id": "B03_neg_decision_assertion_harmful",
"team_id": "team_theta",
"sender_id": "user_g",
"receiver_ids": ["user_h"],
"timestamp": "2024-05-03T10:10:00Z",
"source": "synthetic",
"text": "I'm writing the final report myself. Your sections are always full of errors, so I'll fix them.",
"feedback_category": "decision_assertion",
"feedback_type": "negative",
"intent": "harmful",
"bias_cue": "yes"
},
{
"message_id": "synthetic_B03_02_009",
"block_id": "B03_neg_decision_assertion_harmful",
"team_id": "team_iota",
"sender_id": "user_i",
"receiver_ids": ["user_j"],
"timestamp": "2024-05-03T10:15:00Z",
"source": "synthetic",
"text": "I'm using the premium software for my part; you all can use the free version since your work isn't as important.",
"feedback_category": "decision_assertion",
"feedback_type": "negative",
"intent": "harmful",
"bias_cue": "yes"
},
{
"message_id": "synthetic_B03_02_010",
"block_id": "B03_neg_decision_assertion_harmful",
"team_id": "team_kappa",
"sender_id": "user_a",
"receiver_ids": ["user_b", "user_c"],
"timestamp": "2024-05-03T10:20:00Z",
"source": "synthetic",
"text": "I'm ignoring your suggestions because they're from the least contributing members.",
"feedback_category": "decision_assertion",
"feedback_type": "negative",
"intent": "harmful",
"bias_cue": "yes"
},
{
"message_id": "synthetic_B03_02_011",
"block_id": "B03_neg_decision_assertion_harmful",
"team_id": "team_alpha",
"sender_id": "user_d",
"receiver_ids": ["user_e"],
"timestamp": "2024-05-03T10:25:00Z",
"source": "synthetic",
"text": "The color scheme is final; I don't care if you think it's ugly, you have no taste.",
"feedback_category": "decision_assertion",
"feedback_type": "negative",
"intent": "harmful",
"bias_cue": "yes"
},
{
"message_id": "synthetic_B03_02_012",
"block_id": "B03_neg_decision_assertion_harmful",
"team_id": "team_beta",
"sender_id": "user_f",
"receiver_ids": ["user_g"],
"timestamp": "2024-05-03T10:30:00Z",
"source": "synthetic",
"text": "We're implementing my algorithm; your proposed method is too simplistic and won't work.",
"feedback_category": "decision_assertion",
"feedback_type": "negative",
"intent": "harmful",
"bias_cue": "yes"
},
{
"message_id": "synthetic_B03_02_013",
"block_id": "B03_neg_decision_assertion_harmful",
"team_id": "team_gamma",
"sender_id": "user_h",
"receiver_ids": ["user_i", "user_j"],
"timestamp": "2024-05-03T10:35:00Z",
"source": "synthetic",
"text": "I'm assigning myself the lead role; the rest of you can divide the leftover tasks.",
"feedback_category": "decision_assertion",
"feedback_type": "negative",
"intent": "harmful",
"bias_cue": "yes"
},
{
"message_id": "synthetic_B03_02_014",
"block_id": "B03_neg_decision_assertion_harmful",
"team_id": "team_delta",
"sender_id": "user_a",
"receiver_ids": ["user_b"],
"timestamp": "2024-05-03T10:40:00Z",
"source": "synthetic",
"text": "I'm cutting your part from the demo; it's too confusing and will make us look bad.",
"feedback_category": "decision_assertion",
"feedback_type": "negative",
"intent": "harmful",
"bias_cue": "yes"
},
{
"message_id": "synthetic_B03_02_015",
"block_id": "B03_neg_decision_assertion_harmful",
"team_id": "team_epsilon",
"sender_id": "user_c",
"receiver_ids": ["user_d"],
"timestamp": "2024-05-03T10:45:00Z",
"source": "synthetic",
"text": "I'll grade our internal contributions, and since I'm the most capable, my standards are what count.",
"feedback_category": "decision_assertion",
"feedback_type": "negative",
"intent": "harmful",
"bias_cue": "yes"
},
{
"message_id": "synthetic_B03_02_016",
"block_id": "B03_neg_decision_assertion_harmful",
"team_id": "team_zeta",
"sender_id": "user_e",
"receiver_ids": ["user_f"],
"timestamp": "2024-05-03T10:50:00Z",
"source": "synthetic",
"text": "We'll follow my agenda only; your topics are irrelevant to the project's success.",
"feedback_category": "decision_assertion",
"feedback_type": "negative",
"intent": "harmful",
"bias_cue": "yes"
},
{
"message_id": "synthetic_B03_02_017",
"block_id": "B03_neg_decision_assertion_harmful",
"team_id": "team_eta",
"sender_id": "user_g",
"receiver_ids": ["user_h"],
"timestamp": "2024-05-03T10:55:00Z",
"source": "synthetic",
"text": "We're skipping the literature review; some of you take too long to read and understand.",
"feedback_category": "decision_assertion",
"feedback_type": "negative",
"intent": "harmful",
"bias_cue": "yes"
},
{
"message_id": "synthetic_B03_02_018",
"block_id": "B03_neg_decision_assertion_harmful",
"team_id": "team_theta",
"sender_id": "user_i",
"receiver_ids": ["user_j"],
"timestamp": "2024-05-03T11:00:00Z",
"source": "synthetic",
"text": "I'm standardizing all code comments to my style; yours are inconsistent and messy.",
"feedback_category": "decision_assertion",
"feedback_type": "negative",
"intent": "harmful",
"bias_cue": "yes"
},
{
"message_id": "synthetic_B03_02_019",
"block_id": "B03_neg_decision_assertion_harmful",
"team_id": "team_iota",
"sender_id": "user_a",
"receiver_ids": ["user_b", "user_c"],
"timestamp": "2024-05-03T11:05:00Z",
"source": "synthetic",
"text": "I'm taking the new laptop for development; you can use the old ones since your coding is basic.",
"feedback_category": "decision_assertion",
"feedback_type": "negative",
"intent": "harmful",
"bias_cue": "yes"
},
{
"message_id": "synthetic_B03_02_020",
"block_id": "B03_neg_decision_assertion_harmful",
"team_id": "team_kappa",
"sender_id": "user_d",
"receiver_ids": ["user_e"],
"timestamp": "2024-05-03T11:10:00Z",
"source": "synthetic",
"text": "I'm making the final call on disputes; your opinions are too biased to be trusted.",
"feedback_category": "decision_assertion",
"feedback_type": "negative",
"intent": "harmful",
"bias_cue": "yes"
},
{
"message_id": "synthetic_B03_02_021",
"block_id": "B03_neg_decision_assertion_harmful",
"team_id": "team_alpha",
"sender_id": "user_f",
"receiver_ids": ["user_g"],
"timestamp": "2024-05-03T11:15:00Z",
"source": "synthetic",
"text": "I've decided that the user interface will be minimalist; your cluttered designs are not user-friendly.",
"feedback_category": "decision_assertion",
"feedback_type": "negative",
"intent": "harmful",
"bias_cue": "yes"
},
{
"message_id": "synthetic_B03_02_022",
"block_id": "B03_neg_decision_assertion_harmful",
"team_id": "team_beta",
"sender_id": "user_h",
"receiver_ids": ["user_i"],
"timestamp": "2024-05-03T11:20:00Z",
"source": "synthetic",
"text": "We're using a monolithic architecture; your microservices idea is overcomplicating things for no reason.",
"feedback_category": "decision_assertion",
"feedback_type": "negative",
"intent": "harmful",
"bias_cue": "yes"
},
{
"message_id": "synthetic_B03_02_023",
"block_id": "B03_neg_decision_assertion_harmful",
"team_id": "team_gamma",
"sender_id": "user_j",
"receiver_ids": ["user_a"],
"timestamp": "2024-05-03T11:25:00Z",
"source": "synthetic",
"text": "I'm handling all communication with the client; you guys might say something unprofessional.",
"feedback_category": "decision_assertion",
"feedback_type": "negative",
"intent": "harmful",
"bias_cue": "yes"
},
{
"message_id": "synthetic_B03_02_024",
"block_id": "B03_neg_decision_assertion_harmful",
"team_id": "team_delta",
"sender_id": "user_b",
"receiver_ids": ["user_c"],
"timestamp": "2024-05-03T11:30:00Z",
"source": "synthetic",
"text": "I'm creating the presentation script; your improvisation skills are lacking, so stick to my lines.",
"feedback_category": "decision_assertion",
"feedback_type": "negative",
"intent": "harmful",
"bias_cue": "yes"
},
{
"message_id": "synthetic_B03_02_025",
"block_id": "B03_neg_decision_assertion_harmful",
"team_id": "team_epsilon",
"sender_id": "user_d",
"receiver_ids": ["user_e", "user_f"],
"timestamp": "2024-05-03T11:35:00Z",
"source": "synthetic",
"text": "I'll review everyone's work before submission; I need to ensure it meets my level of quality.",
"feedback_category": "decision_assertion",
"feedback_type": "negative",
"intent": "harmful",
"bias_cue": "yes"
},
{
"message_id": "synthetic_B03_02_026",
"block_id": "B03_neg_decision_assertion_harmful",
"team_id": "team_zeta",
"sender_id": "user_g",
"receiver_ids": ["user_h"],
"timestamp": "2024-05-03T11:40:00Z",
"source": "synthetic",
"text": "I'm ending the discussion now; we've wasted enough time on your trivial points.",
"feedback_category": "decision_assertion",
"feedback_type": "negative",
"intent": "harmful",
"bias_cue": "yes"
},
{
"message_id": "synthetic_B03_02_027",
"block_id": "B03_neg_decision_assertion_harmful",
"team_id": "team_eta",
"sender_id": "user_i",
"receiver_ids": ["user_j"],
"timestamp": "2024-05-03T11:45:00Z",
"source": "synthetic",
"text": "We're using quantitative data only; your qualitative suggestions are too subjective and unreliable.",
"feedback_category": "decision_assertion",
"feedback_type": "negative",
"intent": "harmful",
"bias_cue": "yes"
},
{
"message_id": "synthetic_B03_02_028",
"block_id": "B03_neg_decision_assertion_harmful",
"team_id": "team_theta",
"sender_id": "user_a",
"receiver_ids": ["user_b"],
"timestamp": "2024-05-03T11:50:00Z",
"source": "synthetic",
"text": "I'm rewriting your sections; the grammar is so poor it's embarrassing.",
"feedback_category": "decision_assertion",
"feedback_type": "negative",
"intent": "harmful",
"bias_cue": "yes"
},
{
"message_id": "synthetic_B03_02_029",
"block_id": "B03_neg_decision_assertion_harmful",
"team_id": "team_iota",
"sender_id": "user_c",
"receiver_ids": ["user_d"],
"timestamp": "2024-05-03T11:55:00Z",
"source": "synthetic",
"text": "I'm booking the meeting room for myself; you can meet online since your presence isn't necessary.",
"feedback_category": "decision_assertion",
"feedback_type": "negative",
"intent": "harmful",
"bias_cue": "yes"
},
{
"message_id": "synthetic_B03_02_030",
"block_id": "B03_neg_decision_assertion_harmful",
"team_id": "team_kappa",
"sender_id": "user_e",
"receiver_ids": ["user_f", "user_g"],
"timestamp": "2024-05-03T12:00:00Z",
"source": "synthetic",
"text": "I'm siding with my friends on this; the others always have flawed logic.",
"feedback_category": "decision_assertion",
"feedback_type": "negative",
"intent": "harmful",
"bias_cue": "yes"
},
{
"message_id": "synthetic_B03_02_031",
"block_id": "B03_neg_decision_assertion_harmful",
"team_id": "team_alpha",
"sender_id": "user_h",
"receiver_ids": ["user_i"],
"timestamp": "2024-05-03T12:05:00Z",
"source": "synthetic",
"text": "I'm taking over the data analysis; your statistical knowledge is too weak to be trusted.",
"feedback_category": "decision_assertion",
"feedback_type": "negative",
"intent": "harmful",
"bias_cue": "yes"
},
{
"message_id": "synthetic_B03_02_032",
"block_id": "B03_neg_decision_assertion_harmful",
"team_id": "team_beta",
"sender_id": "user_j",
"receiver_ids": ["user_a"],
"timestamp": "2024-05-03T12:10:00Z",
"source": "synthetic",
"text": "We're using my project timeline; your schedules are always unrealistic and optimistic.",
"feedback_category": "decision_assertion",
"feedback_type": "negative",
"intent": "harmful",
"bias_cue": "yes"
},
{
"message_id": "synthetic_B03_02_033",
"block_id": "B03_neg_decision_assertion_harmful",
"team_id": "team_gamma",
"sender_id": "user_b",
"receiver_ids": ["user_c"],
"timestamp": "2024-05-03T12:15:00Z",
"source": "synthetic",
"text": "I'm assigning the creative tasks to myself; you all are better at mundane work anyway.",
"feedback_category": "decision_assertion",
"feedback_type": "negative",
"intent": "harmful",
"bias_cue": "yes"
},
{
"message_id": "synthetic_B03_02_034",
"block_id": "B03_neg_decision_assertion_harmful",
"team_id": "team_delta",
"sender_id": "user_d",
"receiver_ids": ["user_e"],
"timestamp": "2024-05-03T12:20:00Z",
"source": "synthetic",
"text": "I've decided we'll focus on functionality over design; your aesthetic concerns are secondary to my technical solutions.",
"feedback_category": "decision_assertion",
"feedback_type": "negative",
"intent": "harmful",
"bias_cue": "yes"
},
{
"message_id": "synthetic_B03_02_035",
"block_id": "B03_neg_decision_assertion_harmful",
"team_id": "team_epsilon",
"sender_id": "user_f",
"receiver_ids": ["user_g", "user_h"],
"timestamp": "2024-05-03T12:25:00Z",
"source": "synthetic",
"text": "I'm controlling the GitHub repository; you can only push code after I review it, since you often break things.",
"feedback_category": "decision_assertion",
"feedback_type": "negative",
"intent": "harmful",
"bias_cue": "yes"
},
{
"message_id": "synthetic_B03_02_036",
"block_id": "B03_neg_decision_assertion_harmful",
"team_id": "team_zeta",
"sender_id": "user_i",
"receiver_ids": ["user_j"],
"timestamp": "2024-05-03T12:30:00Z",
"source": "synthetic",
"text": "We're presenting in this order; I go first because I need to set the tone for the rest of you.",
"feedback_category": "decision_assertion",
"feedback_type": "negative",
"intent": "harmful",
"bias_cue": "yes"
},
{
"message_id": "synthetic_B03_02_037",
"block_id": "B03_neg_decision_assertion_harmful",
"team_id": "team_eta",
"sender_id": "user_a",
"receiver_ids": ["user_b"],
"timestamp": "2024-05-03T12:35:00Z",
"source": "synthetic",
"text": "I'm dismissing your idea for the logo; it looks amateurish compared to my concept.",
"feedback_category": "decision_assertion",
"feedback_type": "negative",
"intent": "harmful",
"bias_cue": "yes"
},
{
"message_id": "synthetic_B03_02_038",
"block_id": "B03_neg_decision_assertion_harmful",
"team_id": "team_theta",
"sender_id": "user_c",
"receiver_ids": ["user_d"],
"timestamp": "2024-05-03T12:40:00Z",
"source": "synthetic",
"text": "I'm handling the budget; some of you are careless with expenses, so I'll manage everything.",
"feedback_category": "decision_assertion",
"feedback_type": "negative",
"intent": "harmful",
"bias_cue": "yes"
},
{
"message_id": "synthetic_B03_02_039",
"block_id": "B03_neg_decision_assertion_harmful",
"team_id": "team_iota",
"sender_id": "user_e",
"receiver_ids": ["user_f"],
"timestamp": "2024-05-03T12:45:00Z",
"source": "synthetic",
"text": "I've decided we'll use agile methodology; your preference for waterfall shows a lack of modern understanding.",
"feedback_category": "decision_assertion",
"feedback_type": "negative",
"intent": "harmful",
"bias_cue": "yes"
},
{
"message_id": "synthetic_B03_02_040",
"block_id": "B03_neg_decision_assertion_harmful",
"team_id": "team_kappa",
"sender_id": "user_g",
"receiver_ids": ["user_h", "user_i"],
"timestamp": "2024-05-03T12:50:00Z",
"source": "synthetic",
"text": "I'm taking the lead in the group discussion; you all tend to go off-topic, so I'll keep us focused.",
"feedback_category": "decision_assertion",
"feedback_type": "negative",
"intent": "harmful",
"bias_cue": "yes"
},
{
"message_id": "synthetic_B03_02_041",
"block_id": "B03_neg_decision_assertion_harmful",
"team_id": "team_alpha",
"sender_id": "user_j",
"receiver_ids": ["user_a"],
"timestamp": "2024-05-03T12:55:00Z",
"source": "synthetic",
"text": "I'm finalizing the research questions; your suggestions are too broad and not researchable.",
"feedback_category": "decision_assertion",
"feedback_type": "negative",
"intent": "harmful",
"bias_cue": "yes"
},
{
"message_id": "synthetic_B03_02_042",
"block_id": "B03_neg_decision_assertion_harmful",
"team_id": "team_beta",
"sender_id": "user_b",
"receiver_ids": ["user_c"],
"timestamp": "2024-05-03T13:00:00Z",
"source": "synthetic",
"text": "We're using my coding standards; your code is often sloppy and hard to read.",
"feedback_category": "decision_assertion",
"feedback_type": "negative",
"intent": "harmful",
"bias_cue": "yes"
},
{
"message_id": "synthetic_B03_02_043",
"block_id": "B03_neg_decision_assertion_harmful",
"team_id": "team_gamma",
"sender_id": "user_d",
"receiver_ids": ["user_e", "user_f"],
"timestamp": "2024-05-03T13:05:00Z",
"source": "synthetic",
"text": "I'm assigning roles based on my assessment of your skills; you might not like it, but I know best.",
"feedback_category": "decision_assertion",
"feedback_type": "negative",
"intent": "harmful",
"bias_cue": "yes"
},
{
"message_id": "synthetic_B03_02_044",
"block_id": "B03_neg_decision_assertion_harmful",
"team_id": "team_delta",
"sender_id": "user_g",
"receiver_ids": ["user_h"],
"timestamp": "2024-05-03T13:10:00Z",
"source": "synthetic",
"text": "I've chosen the project topic; your ideas are not innovative enough to stand out.",
"feedback_category": "decision_assertion",
"feedback_type": "negative",
"intent": "harmful",
"bias_cue": "yes"
},
{
"message_id": "synthetic_B03_02_045",
"block_id": "B03_neg_decision_assertion_harmful",
"team_id": "team_epsilon",
"sender_id": "user_i",
"receiver_ids": ["user_j"],
"timestamp": "2024-05-03T13:15:00Z",
"source": "synthetic",
"text": "I'm controlling the meeting minutes; your notes are incomplete and miss key points.",
"feedback_category": "decision_assertion",
"feedback_type": "negative",
"intent": "harmful",
"bias_cue": "yes"
},
{
"message_id": "synthetic_B03_02_046",
"block_id": "B03_neg_decision_assertion_harmful",
"team_id": "team_zeta",
"sender_id": "user_a",
"receiver_ids": ["user_b"],
"timestamp": "2024-05-03T13:20:00Z",
"source": "synthetic",
"text": "We're adopting my presentation style; your ways are too informal for academic settings.",
"feedback_category": "decision_assertion",
"feedback_type": "negative",
"intent": "harmful",
"bias_cue": "yes"
},
{
"message_id": "synthetic_B03_02_047",
"block_id": "B03_neg_decision_assertion_harmful",
"team_id": "team_eta",
"sender_id": "user_c",
"receiver_ids": ["user_d"],
"timestamp": "2024-05-03T13:25:00Z",
"source": "synthetic",
"text": "I'm overriding the decision on tools; your choice of software is outdated and inefficient.",
"feedback_category": "decision_assertion",
"feedback_type": "negative",
"intent": "harmful",
"bias_cue": "yes"
},
{
"message_id": "synthetic_B03_02_048",
"block_id": "B03_neg_decision_assertion_harmful",
"team_id": "team_theta",
"sender_id": "user_e",
"receiver_ids": ["user_f", "user_g"],
"timestamp": "2024-05-03T13:30:00Z",
"source": "synthetic",
"text": "I'm taking charge of the testing phase; you all overlook too many bugs.",
"feedback_category": "decision_assertion",
"feedback_type": "negative",
"intent": "harmful",
"bias_cue": "yes"
},
{
"message_id": "synthetic_B03_02_049",
"block_id": "B03_neg_decision_assertion_harmful",
"team_id": "team_iota",
"sender_id": "user_h",
"receiver_ids": ["user_i"],
"timestamp": "2024-05-03T13:35:00Z",
"source": "synthetic",
"text": "I've decided we'll skip peer review; your feedback is usually unhelpful and critical without reason.",
"feedback_category": "decision_assertion",
"feedback_type": "negative",
"intent": "harmful",
"bias_cue": "yes"
},
{
"message_id": "synthetic_B03_02_050",
"block_id": "B03_neg_decision_assertion_harmful",
"team_id": "team_kappa",
"sender_id": "user_j",
"receiver_ids": ["user_a", "user_b", "user_c"],
"timestamp": "2024-05-03T13:40:00Z",
"source": "synthetic",
"text": "I'm making all executive decisions; this group needs a clear leader, and since I'm the most experienced, it should be me.",
"feedback_category": "decision_assertion",
"feedback_type": "negative",
"intent": "harmful",
"bias_cue": "yes"
},
{
    "message_id": "synthetic_B03_03_001",
    "block_id": "B03_neg_decision_assertion_harmful",
    "team_id": "team_alpha",
    "sender_id": "user_04",
    "receiver_ids": ["user_11"],
    "timestamp": "2024-05-03T09:35:00Z",
    "source": "synthetic",
    "text": "Only my prototype gets submitted because the rest of you haven't shown enough technical understanding.",
    "feedback_category": "decision_assertion",
    "feedback_type": "negative",
    "intent": "harmful",
    "bias_cue": "yes"
  },
  {
    "message_id": "synthetic_B03_03_002",
    "block_id": "B03_neg_decision_assertion_harmful",
    "team_id": "team_beta",
    "sender_id": "user_07",
    "receiver_ids": ["user_03", "user_09"],
    "timestamp": "2024-05-03T09:40:00Z",
    "source": "synthetic",
    "text": "Our meeting time stays at 8 AM. If you can't wake up early, that shows poor commitment to the project.",
    "feedback_category": "decision_assertion",
    "feedback_type": "negative",
    "intent": "harmful",
    "bias_cue": "yes"
  },
  {
    "message_id": "synthetic_B03_03_003",
    "block_id": "B03_neg_decision_assertion_harmful",
    "team_id": "team_gamma",
    "sender_id": "user_12",
    "receiver_ids": ["user_05"],
    "timestamp": "2024-05-03T09:45:00Z",
    "source": "synthetic",
    "text": "I'm removing your data visualization from the report. Your charts look like they were made by someone without analytical skills.",
    "feedback_category": "decision_assertion",
    "feedback_type": "negative",
    "intent": "harmful",
    "bias_cue": "yes"
  },
  {
    "message_id": "synthetic_B03_03_004",
    "block_id": "B03_neg_decision_assertion_harmful",
    "team_id": "team_delta",
    "sender_id": "user_08",
    "receiver_ids": ["user_02"],
    "timestamp": "2024-05-03T09:50:00Z",
    "source": "synthetic",
    "text": "The research methodology will be what I outlined. Your suggested approach is too simplistic for someone at our academic level.",
    "feedback_category": "decision_assertion",
    "feedback_type": "negative",
    "intent": "harmful",
    "bias_cue": "yes"
  },
  {
    "message_id": "synthetic_B03_03_005",
    "block_id": "B03_neg_decision_assertion_harmful",
    "team_id": "team_epsilon",
    "sender_id": "user_15",
    "receiver_ids": ["user_10"],
    "timestamp": "2024-05-03T09:55:00Z",
    "source": "synthetic",
    "text": "I'm approving all code merges from now on. Some people have a history of writing buggy features.",
    "feedback_category": "decision_assertion",
    "feedback_type": "negative",
    "intent": "harmful",
    "bias_cue": "yes"
  },
  {
    "message_id": "synthetic_B03_03_006",
    "block_id": "B03_neg_decision_assertion_harmful",
    "team_id": "team_zeta",
    "sender_id": "user_01",
    "receiver_ids": ["user_06"],
    "timestamp": "2024-05-03T10:00:00Z",
    "source": "synthetic",
    "text": "You're not attending the client call. Your communication style is too informal for professional interactions.",
    "feedback_category": "decision_assertion",
    "feedback_type": "negative",
    "intent": "harmful",
    "bias_cue": "yes"
  },
  {
    "message_id": "synthetic_B03_03_007",
    "block_id": "B03_neg_decision_assertion_harmful",
    "team_id": "team_eta",
    "sender_id": "user_13",
    "receiver_ids": ["user_14"],
    "timestamp": "2024-05-03T10:05:00Z",
    "source": "synthetic",
    "text": "Your survey questions are being scrapped. They're leading and show a basic misunderstanding of research design.",
    "feedback_category": "decision_assertion",
    "feedback_type": "negative",
    "intent": "harmful",
    "bias_cue": "yes"
  },
  {
    "message_id": "synthetic_B03_03_008",
    "block_id": "B03_neg_decision_assertion_harmful",
    "team_id": "team_theta",
    "sender_id": "user_16",
    "receiver_ids": ["user_17"],
    "timestamp": "2024-05-03T10:10:00Z",
    "source": "synthetic",
    "text": "The budget allocation is my decision. Past projects show some team members aren't financially responsible.",
    "feedback_category": "decision_assertion",
    "feedback_type": "negative",
    "intent": "harmful",
    "bias_cue": "yes"
  },
  {
    "message_id": "synthetic_B03_03_009",
    "block_id": "B03_neg_decision_assertion_harmful",
    "team_id": "team_iota",
    "sender_id": "user_19",
    "receiver_ids": ["user_18"],
    "timestamp": "2024-05-03T10:15:00Z",
    "source": "synthetic",
    "text": "I'm handling the final proofread alone. Your previous writing had too many careless mistakes.",
    "feedback_category": "decision_assertion",
    "feedback_type": "negative",
    "intent": "harmful",
    "bias_cue": "yes"
  },
  {
    "message_id": "synthetic_B03_03_010",
    "block_id": "B03_neg_decision_assertion_harmful",
    "team_id": "team_kappa",
    "sender_id": "user_20",
    "receiver_ids": ["user_21"],
    "timestamp": "2024-05-03T10:20:00Z",
    "source": "synthetic",
    "text": "The wireframes I created are final. Your design suggestions lack the sophistication needed for our target audience.",
    "feedback_category": "decision_assertion",
    "feedback_type": "negative",
    "intent": "harmful",
    "bias_cue": "yes"
  },
  {
    "message_id": "synthetic_B03_03_011",
    "block_id": "B03_neg_decision_assertion_harmful",
    "team_id": "team_lambda",
    "sender_id": "user_22",
    "receiver_ids": ["user_23"],
    "timestamp": "2024-05-03T10:25:00Z",
    "source": "synthetic",
    "text": "I've selected the case studies we'll analyze. Your picks were from unreliable sources.",
    "feedback_category": "decision_assertion",
    "feedback_type": "negative",
    "intent": "harmful",
    "bias_cue": "yes"
  },
  {
    "message_id": "synthetic_B03_03_012",
    "block_id": "B03_neg_decision_assertion_harmful",
    "team_id": "team_mu",
    "sender_id": "user_25",
    "receiver_ids": ["user_24"],
    "timestamp": "2024-05-03T10:30:00Z",
    "source": "synthetic",
    "text": "Our group's GitHub permissions are being restricted. Too many unnecessary commits from certain people clutter the history.",
    "feedback_category": "decision_assertion",
    "feedback_type": "negative",
    "intent": "harmful",
    "bias_cue": "yes"
  },
  {
    "message_id": "synthetic_B03_03_013",
    "block_id": "B03_neg_decision_assertion_harmful",
    "team_id": "team_nu",
    "sender_id": "user_26",
    "receiver_ids": ["user_27"],
    "timestamp": "2024-05-03T10:35:00Z",
    "source": "synthetic",
    "text": "The presentation narrative follows my outline. Your proposed flow is disjointed and hard to follow.",
    "feedback_category": "decision_assertion",
    "feedback_type": "negative",
    "intent": "harmful",
    "bias_cue": "yes"
  },
  {
    "message_id": "synthetic_B03_03_014",
    "block_id": "B03_neg_decision_assertion_harmful",
    "team_id": "team_xi",
    "sender_id": "user_28",
    "receiver_ids": ["user_29"],
    "timestamp": "2024-05-03T10:40:00Z",
    "source": "synthetic",
    "text": "I'm setting the peer evaluation criteria. Some members need stricter metrics to fairly assess their lower contribution quality.",
    "feedback_category": "decision_assertion",
    "feedback_type": "negative",
    "intent": "harmful",
    "bias_cue": "yes"
  },
  {
    "message_id": "synthetic_B03_03_015",
    "block_id": "B03_neg_decision_assertion_harmful",
    "team_id": "team_omicron",
    "sender_id": "user_30",
    "receiver_ids": ["user_31"],
    "timestamp": "2024-05-03T10:45:00Z",
    "source": "synthetic",
    "text": "Your experimental procedure is being replaced. It doesn't account for variables that anyone with lab experience would consider.",
    "feedback_category": "decision_assertion",
    "feedback_type": "negative",
    "intent": "harmful",
    "bias_cue": "yes"
  },
  {
    "message_id": "synthetic_B03_03_016",
    "block_id": "B03_neg_decision_assertion_harmful",
    "team_id": "team_pi",
    "sender_id": "user_32",
    "receiver_ids": ["user_33"],
    "timestamp": "2024-05-03T10:50:00Z",
    "source": "synthetic",
    "text": "We're using the advanced statistical model I proposed. The simpler one you suggested is for beginners.",
    "feedback_category": "decision_assertion",
    "feedback_type": "negative",
    "intent": "harmful",
    "bias_cue": "yes"
  },
  {
    "message_id": "synthetic_B03_03_017",
    "block_id": "B03_neg_decision_assertion_harmful",
    "team_id": "team_rho",
    "sender_id": "user_35",
    "receiver_ids": ["user_34"],
    "timestamp": "2024-05-03T10:55:00Z",
    "source": "synthetic",
    "text": "The project timeline is non-negotiable. If you can't meet the milestones, it reflects poor time management skills.",
    "feedback_category": "decision_assertion",
    "feedback_type": "negative",
    "intent": "harmful",
    "bias_cue": "yes"
  },
  {
    "message_id": "synthetic_B03_03_018",
    "block_id": "B03_neg_decision_assertion_harmful",
    "team_id": "team_sigma",
    "sender_id": "user_36",
    "receiver_ids": ["user_37"],
    "timestamp": "2024-05-03T11:00:00Z",
    "source": "synthetic",
    "text": "I'm vetoing your choice of survey platform. It's not secure enough for the data we're handling.",
    "feedback_category": "decision_assertion",
    "feedback_type": "negative",
    "intent": "harmful",
    "bias_cue": "yes"
  },
  {
    "message_id": "synthetic_B03_03_019",
    "block_id": "B03_neg_decision_assertion_harmful",
    "team_id": "team_tau",
    "sender_id": "user_38",
    "receiver_ids": ["user_39"],
    "timestamp": "2024-05-03T11:05:00Z",
    "source": "synthetic",
    "text": "Our team's communication will happen only on Slack. Using other apps fragments conversation and shows a lack of organization.",
    "feedback_category": "decision_assertion",
    "feedback_type": "negative",
    "intent": "harmful",
    "bias_cue": "yes"
  },
  {
    "message_id": "synthetic_B03_03_020",
    "block_id": "B03_neg_decision_assertion_harmful",
    "team_id": "team_upsilon",
    "sender_id": "user_40",
    "receiver_ids": ["user_41"],
    "timestamp": "2024-05-03T11:10:00Z",
    "source": "synthetic",
    "text": "The literature review section is mine to write. Your annotated bibliography had too many non-academic sources.",
    "feedback_category": "decision_assertion",
    "feedback_type": "negative",
    "intent": "harmful",
    "bias_cue": "yes"
  },
  {
    "message_id": "synthetic_B03_03_021",
    "block_id": "B03_neg_decision_assertion_harmful",
    "team_id": "team_phi",
    "sender_id": "user_43",
    "receiver_ids": ["user_42"],
    "timestamp": "2024-05-03T11:15:00Z",
    "source": "synthetic",
    "text": "I'm reassigning your coding tasks to myself. The modules you built last time required extensive debugging.",
    "feedback_category": "decision_assertion",
    "feedback_type": "negative",
    "intent": "harmful",
    "bias_cue": "yes"
  },
  {
    "message_id": "synthetic_B03_03_022",
    "block_id": "B03_neg_decision_assertion_harmful",
    "team_id": "team_chi",
    "sender_id": "user_44",
    "receiver_ids": ["user_45"],
    "timestamp": "2024-05-03T11:20:00Z",
    "source": "synthetic",
    "text": "Our team's file naming convention is what I established. Your inconsistent naming creates confusion for everyone else.",
    "feedback_category": "decision_assertion",
    "feedback_type": "negative",
    "intent": "harmful",
    "bias_cue": "yes"
  },
  {
    "message_id": "synthetic_B03_03_023",
    "block_id": "B03_neg_decision_assertion_harmful",
    "team_id": "team_psi",
    "sender_id": "user_46",
    "receiver_ids": ["user_47"],
    "timestamp": "2024-05-03T11:25:00Z",
    "source": "synthetic",
    "text": "The video demo will feature only my voiceover. Other accents might be difficult for the professor to understand.",
    "feedback_category": "decision_assertion",
    "feedback_type": "negative",
    "intent": "harmful",
    "bias_cue": "yes"
  },
  {
    "message_id": "synthetic_B03_03_024",
    "block_id": "B03_neg_decision_assertion_harmful",
    "team_id": "team_omega",
    "sender_id": "user_48",
    "receiver_ids": ["user_49"],
    "timestamp": "2024-05-03T11:30:00Z",
    "source": "synthetic",
    "text": "I've selected which user feedback to incorporate. Some comments from less technical users aren't relevant to our design goals.",
    "feedback_category": "decision_assertion",
    "feedback_type": "negative",
    "intent": "harmful",
    "bias_cue": "yes"
  },
  {
    "message_id": "synthetic_B03_03_025",
    "block_id": "B03_neg_decision_assertion_harmful",
    "team_id": "team_alpha",
    "sender_id": "user_50",
    "receiver_ids": ["user_51"],
    "timestamp": "2024-05-03T11:35:00Z",
    "source": "synthetic",
    "text": "The project's success metrics are defined by me. Your proposed KPIs are too vague and not measurable.",
    "feedback_category": "decision_assertion",
    "feedback_type": "negative",
    "intent": "harmful",
    "bias_cue": "yes"
  },
  {
    "message_id": "synthetic_B03_03_026",
    "block_id": "B03_neg_decision_assertion_harmful",
    "team_id": "team_beta",
    "sender_id": "user_52",
    "receiver_ids": ["user_53"],
    "timestamp": "2024-05-03T11:40:00Z",
    "source": "synthetic",
    "text": "Our team bibliography must use APA. Your preference for MLA shows a lack of familiarity with standard scientific formatting.",
    "feedback_category": "decision_assertion",
    "feedback_type": "negative",
    "intent": "harmful",
    "bias_cue": "yes"
  },
  {
    "message_id": "synthetic_B03_03_027",
    "block_id": "B03_neg_decision_assertion_harmful",
    "team_id": "team_gamma",
    "sender_id": "user_54",
    "receiver_ids": ["user_55"],
    "timestamp": "2024-05-03T11:45:00Z",
    "source": "synthetic",
    "text": "I'm handling the stakeholder interview. Group interviews with everyone present tend to get derailed by off-topic questions.",
    "feedback_category": "decision_assertion",
    "feedback_type": "negative",
    "intent": "harmful",
    "bias_cue": "yes"
  },
  {
    "message_id": "synthetic_B03_03_028",
    "block_id": "B03_neg_decision_assertion_harmful",
    "team_id": "team_delta",
    "sender_id": "user_56",
    "receiver_ids": ["user_57"],
    "timestamp": "2024-05-03T11:50:00Z",
    "source": "synthetic",
    "text": "The app's backend framework stays as I chose. Your suggestion is based on a blog post, not production experience.",
    "feedback_category": "decision_assertion",
    "feedback_type": "negative",
    "intent": "harmful",
    "bias_cue": "yes"
  },
  {
    "message_id": "synthetic_B03_03_029",
    "block_id": "B03_neg_decision_assertion_harmful",
    "team_id": "team_epsilon",
    "sender_id": "user_58",
    "receiver_ids": ["user_59"],
    "timestamp": "2024-05-03T11:55:00Z",
    "source": "synthetic",
    "text": "Our team's weekly summary email will come only from me. Multiple senders make us look uncoordinated.",
    "feedback_category": "decision_assertion",
    "feedback_type": "negative",
    "intent": "harmful",
    "bias_cue": "yes"
  },
  {
    "message_id": "synthetic_B03_03_030",
    "block_id": "B03_neg_decision_assertion_harmful",
    "team_id": "team_zeta",
    "sender_id": "user_60",
    "receiver_ids": ["user_61"],
    "timestamp": "2024-05-03T12:00:00Z",
    "source": "synthetic",
    "text": "The final submission packet will be compiled by me. Last time, someone forgot to include a crucial appendix.",
    "feedback_category": "decision_assertion",
    "feedback_type": "negative",
    "intent": "harmful",
    "bias_cue": "yes"
  },
  {
    "message_id": "synthetic_B03_03_031",
    "block_id": "B03_neg_decision_assertion_harmful",
    "team_id": "team_eta",
    "sender_id": "user_62",
    "receiver_ids": ["user_63"],
    "timestamp": "2024-05-03T12:05:00Z",
    "source": "synthetic",
    "text": "I'm defining the acceptance criteria for all tasks. Vague completion standards let some people deliver subpar work.",
    "feedback_category": "decision_assertion",
    "feedback_type": "negative",
    "intent": "harmful",
    "bias_cue": "yes"
  },
  {
    "message_id": "synthetic_B03_03_032",
    "block_id": "B03_neg_decision_assertion_harmful",
    "team_id": "team_theta",
    "sender_id": "user_64",
    "receiver_ids": ["user_65"],
    "timestamp": "2024-05-03T12:10:00Z",
    "source": "synthetic",
    "text": "The project's risk assessment is my responsibility. Previous attempts by others overlooked obvious technical debt.",
    "feedback_category": "decision_assertion",
    "feedback_type": "negative",
    "intent": "harmful",
    "bias_cue": "yes"
  },
  {
    "message_id": "synthetic_B03_03_033",
    "block_id": "B03_neg_decision_assertion_harmful",
    "team_id": "team_iota",
    "sender_id": "user_66",
    "receiver_ids": ["user_67"],
    "timestamp": "2024-05-03T12:15:00Z",
    "source": "synthetic",
    "text": "We're using my system architecture diagram. Yours has logical flaws that someone with more experience would avoid.",
    "feedback_category": "decision_assertion",
    "feedback_type": "negative",
    "intent": "harmful",
    "bias_cue": "yes"
  },
  {
    "message_id": "synthetic_B03_03_034",
    "block_id": "B03_neg_decision_assertion_harmful",
    "team_id": "team_kappa",
    "sender_id": "user_68",
    "receiver_ids": ["user_69"],
    "timestamp": "2024-05-03T12:20:00Z",
    "source": "synthetic",
    "text": "The team's coding standards document is now my version. The original had ambiguities that lead to inconsistent style.",
    "feedback_category": "decision_assertion",
    "feedback_type": "negative",
    "intent": "harmful",
    "bias_cue": "yes"
  },
  {
    "message_id": "synthetic_B03_03_035",
    "block_id": "B03_neg_decision_assertion_harmful",
    "team_id": "team_lambda",
    "sender_id": "user_70",
    "receiver_ids": ["user_71"],
    "timestamp": "2024-05-03T12:25:00Z",
    "source": "synthetic",
    "text": "I'm selecting which team members get access to the paid API. Not everyone needs it for their basic tasks.",
    "feedback_category": "decision_assertion",
    "feedback_type": "negative",
    "intent": "harmful",
    "bias_cue": "yes"
  },
  {
    "message_id": "synthetic_B03_03_036",
    "block_id": "B03_neg_decision_assertion_harmful",
    "team_id": "team_mu",
    "sender_id": "user_72",
    "receiver_ids": ["user_73"],
    "timestamp": "2024-05-03T12:30:00Z",
    "source": "synthetic",
    "text": "Our project's tagline is the one I wrote. Your suggestions sound like marketing copy from someone without a tech background.",
    "feedback_category": "decision_assertion",
    "feedback_type": "negative",
    "intent": "harmful",
    "bias_cue": "yes"
  },
  {
    "message_id": "synthetic_B03_03_037",
    "block_id": "B03_neg_decision_assertion_harmful",
    "team_id": "team_nu",
    "sender_id": "user_74",
    "receiver_ids": ["user_75"],
    "timestamp": "2024-05-03T12:35:00Z",
    "source": "synthetic",
    "text": "I'm assigning the reflection paper to myself. Others might not critically evaluate their own contributions honestly.",
    "feedback_category": "decision_assertion",
    "feedback_type": "negative",
    "intent": "harmful",
    "bias_cue": "yes"
  },
  {
    "message_id": "synthetic_B03_03_038",
    "block_id": "B03_neg_decision_assertion_harmful",
    "team_id": "team_xi",
    "sender_id": "user_76",
    "receiver_ids": ["user_77"],
    "timestamp": "2024-05-03T12:40:00Z",
    "source": "synthetic",
    "text": "The user testing protocol follows my plan. Your version doesn't control for participant bias effectively.",
    "feedback_category": "decision_assertion",
    "feedback_type": "negative",
    "intent": "harmful",
    "bias_cue": "yes"
  },
  {
    "message_id": "synthetic_B03_03_039",
    "block_id": "B03_neg_decision_assertion_harmful",
    "team_id": "team_omicron",
    "sender_id": "user_78",
    "receiver_ids": ["user_79"],
    "timestamp": "2024-05-03T12:45:00Z",
    "source": "synthetic",
    "text": "Our team's Trello board labels are being standardized by me. The current color coding is arbitrary and confusing.",
    "feedback_category": "decision_assertion",
    "feedback_type": "negative",
    "intent": "harmful",
    "bias_cue": "yes"
  },
  {
    "message_id": "synthetic_B03_03_040",
    "block_id": "B03_neg_decision_assertion_harmful",
    "team_id": "team_pi",
    "sender_id": "user_80",
    "receiver_ids": ["user_81"],
    "timestamp": "2024-05-03T12:50:00Z",
    "source": "synthetic",
    "text": "The algorithm's optimization is my task. Your implementation last week showed a lack of understanding of time complexity.",
    "feedback_category": "decision_assertion",
    "feedback_type": "negative",
    "intent": "harmful",
    "bias_cue": "yes"
  },
  {
    "message_id": "synthetic_B03_03_041",
    "block_id": "B03_neg_decision_assertion_harmful",
    "team_id": "team_rho",
    "sender_id": "user_82",
    "receiver_ids": ["user_83"],
    "timestamp": "2024-05-03T12:55:00Z",
    "source": "synthetic",
    "text": "I'm determining which feedback from the professor we act on. Some comments are minor and not worth our effort.",
    "feedback_category": "decision_assertion",
    "feedback_type": "negative",
    "intent": "harmful",
    "bias_cue": "yes"
  },
  {
    "message_id": "synthetic_B03_03_042",
    "block_id": "B03_neg_decision_assertion_harmful",
    "team_id": "team_sigma",
    "sender_id": "user_84",
    "receiver_ids": ["user_85"],
    "timestamp": "2024-05-03T13:00:00Z",
    "source": "synthetic",
    "text": "Our team's response to the TA's questions will be drafted by me. Group-written answers are often contradictory.",
    "feedback_category": "decision_assertion",
    "feedback_type": "negative",
    "intent": "harmful",
    "bias_cue": "yes"
  },
  {
    "message_id": "synthetic_B03_03_043",
    "block_id": "B03_neg_decision_assertion_harmful",
    "team_id": "team_tau",
    "sender_id": "user_86",
    "receiver_ids": ["user_87"],
    "timestamp": "2024-05-03T13:05:00Z",
    "source": "synthetic",
    "text": "The project's logo design is finalized. Further iterations would just waste time on aesthetics over functionality.",
    "feedback_category": "decision_assertion",
    "feedback_type": "negative",
    "intent": "harmful",
    "bias_cue": "yes"
  },
  {
    "message_id": "synthetic_B03_03_044",
    "block_id": "B03_neg_decision_assertion_harmful",
    "team_id": "team_upsilon",
    "sender_id": "user_88",
    "receiver_ids": ["user_89"],
    "timestamp": "2024-05-03T13:10:00Z",
    "source": "synthetic",
    "text": "I'm setting the agenda for all remaining meetings. Unstructured discussions favor those who talk the most, not those who know the most.",
    "feedback_category": "decision_assertion",
    "feedback_type": "negative",
    "intent": "harmful",
    "bias_cue": "yes"
  },
  {
    "message_id": "synthetic_B03_03_045",
    "block_id": "B03_neg_decision_assertion_harmful",
    "team_id": "team_phi",
    "sender_id": "user_90",
    "receiver_ids": ["user_91"],
    "timestamp": "2024-05-03T13:15:00Z",
    "source": "synthetic",
    "text": "The data validation rules are being implemented my way. Your proposed checks would miss too many edge cases.",
    "feedback_category": "decision_assertion",
    "feedback_type": "negative",
    "intent": "harmful",
    "bias_cue": "yes"
  },
  {
    "message_id": "synthetic_B03_03_046",
    "block_id": "B03_neg_decision_assertion_harmful",
    "team_id": "team_chi",
    "sender_id": "user_92",
    "receiver_ids": ["user_93"],
    "timestamp": "2024-05-03T13:20:00Z",
    "source": "synthetic",
    "text": "I'm archiving the old project documents. Keeping everything online shows a lack of curation and information management.",
    "feedback_category": "decision_assertion",
    "feedback_type": "negative",
    "intent": "harmful",
    "bias_cue": "yes"
  },
  {
    "message_id": "synthetic_B03_03_047",
    "block_id": "B03_neg_decision_assertion_harmful",
    "team_id": "team_psi",
    "sender_id": "user_94",
    "receiver_ids": ["user_95"],
    "timestamp": "2024-05-03T13:25:00Z",
    "source": "synthetic",
    "text": "Our team's mid-project evaluation scores are being submitted by me. Group consensus would inflate scores for underperformers.",
    "feedback_category": "decision_assertion",
    "feedback_type": "negative",
    "intent": "harmful",
    "bias_cue": "yes"
  },
  {
    "message_id": "synthetic_B03_03_048",
    "block_id": "B03_neg_decision_assertion_harmful",
    "team_id": "team_omega",
    "sender_id": "user_96",
    "receiver_ids": ["user_97"],
    "timestamp": "2024-05-03T13:30:00Z",
    "source": "synthetic",
    "text": "The final rehearsal order is set. We need the strongest presenter to go first to make a good impression.",
    "feedback_category": "decision_assertion",
    "feedback_type": "negative",
    "intent": "harmful",
    "bias_cue": "yes"
  },
  {
    "message_id": "synthetic_B03_03_049",
    "block_id": "B03_neg_decision_assertion_harmful",
    "team_id": "team_alpha",
    "sender_id": "user_98",
    "receiver_ids": ["user_99"],
    "timestamp": "2024-05-03T13:35:00Z",
    "source": "synthetic",
    "text": "I'm locking the design system components. Further changes would create inconsistencies that some teammates wouldn't handle well.",
    "feedback_category": "decision_assertion",
    "feedback_type": "negative",
    "intent": "harmful",
    "bias_cue": "yes"
  },
  {
    "message_id": "synthetic_B03_03_050",
    "block_id": "B03_neg_decision_assertion_harmful",
    "team_id": "team_beta",
    "sender_id": "user_00",
    "receiver_ids": ["user_01"],
    "timestamp": "2024-05-03T13:40:00Z",
    "source": "synthetic",
    "text": "The project's success will be measured against my predefined objectives. Alternative metrics proposed by others lack rigor.",
    "feedback_category": "decision_assertion",
    "feedback_type": "negative",
    "intent": "harmful",
    "bias_cue": "yes"
  },
  {
    "message_id": "synthetic_B03_03_001",
    "block_id": "B03_neg_decision_assertion_harmful",
    "team_id": "team_alpha",
    "sender_id": "user_a1",
    "receiver_ids": ["user_b1"],
    "timestamp": "2024-05-03T09:35:00Z",
    "source": "synthetic",
    "text": "You're off the coding tasks completely. People without CS backgrounds just create more work for the rest of us fixing errors.",
    "feedback_category": "decision_assertion",
    "feedback_type": "negative",
    "intent": "harmful",
    "bias_cue": "yes"
  },
  {
    "message_id": "synthetic_B03_03_002",
    "block_id": "B03_neg_decision_assertion_harmful",
    "team_id": "team_beta",
    "sender_id": "user_a2",
    "receiver_ids": ["user_b2", "user_c2"],
    "timestamp": "2024-05-03T09:40:00Z",
    "source": "synthetic",
    "text": "All your ideas are too complicated for what we need. Stick to the simple approach I already outlined since you're overthinking everything.",
    "feedback_category": "decision_assertion",
    "feedback_type": "negative",
    "intent": "harmful",
    "bias_cue": "yes"
  },
  {
    "message_id": "synthetic_B03_03_003",
    "block_id": "B03_neg_decision_assertion_harmful",
    "team_id": "team_gamma",
    "sender_id": "user_a3",
    "receiver_ids": ["user_b3"],
    "timestamp": "2024-05-03T09:45:00Z",
    "source": "synthetic",
    "text": "I'm handling the stakeholder presentation alone. Group presentations with everyone talking always come across as disorganized and amateur.",
    "feedback_category": "decision_assertion",
    "feedback_type": "negative",
    "intent": "harmful",
    "bias_cue": "yes"
  },
  {
    "message_id": "synthetic_B03_03_004",
    "block_id": "B03_neg_decision_assertion_harmful",
    "team_id": "team_delta",
    "sender_id": "user_a4",
    "receiver_ids": ["user_b4"],
    "timestamp": "2024-05-03T09:50:00Z",
    "source": "synthetic",
    "text": "Stop suggesting alternative frameworks. You're just confusing everyone with options that won't work as well as my proven choice.",
    "feedback_category": "decision_assertion",
    "feedback_type": "negative",
    "intent": "harmful",
    "bias_cue": "yes"
  },
  {
    "message_id": "synthetic_B03_03_005",
    "block_id": "B03_neg_decision_assertion_harmful",
    "team_id": "team_epsilon",
    "sender_id": "user_a5",
    "receiver_ids": ["user_b5"],
    "timestamp": "2024-05-03T09:55:00Z",
    "source": "synthetic",
    "text": "The data analysis section is mine. People who struggled with the stats course shouldn't be touching our results interpretation.",
    "feedback_category": "decision_assertion",
    "feedback_type": "negative",
    "intent": "harmful",
    "bias_cue": "yes"
  },
  {
    "message_id": "synthetic_B03_03_006",
    "block_id": "B03_neg_decision_assertion_harmful",
    "team_id": "team_zeta",
    "sender_id": "user_a6",
    "receiver_ids": ["user_b6", "user_c6"],
    "timestamp": "2024-05-03T10:00:00Z",
    "source": "synthetic",
    "text": "We're skipping the user testing phase you proposed. That's unnecessary padding that weaker students use to compensate for poor core work.",
    "feedback_category": "decision_assertion",
    "feedback_type": "negative",
    "intent": "harmful",
    "bias_cue": "yes"
  },
  {
    "message_id": "synthetic_B03_03_007",
    "block_id": "B03_neg_decision_assertion_harmful",
    "team_id": "team_eta",
    "sender_id": "user_a7",
    "receiver_ids": ["user_b7"],
    "timestamp": "2024-05-03T10:05:00Z",
    "source": "synthetic",
    "text": "My design mockups are the final version. Your constant revisions show you don't have a clear vision for this project.",
    "feedback_category": "decision_assertion",
    "feedback_type": "negative",
    "intent": "harmful",
    "bias_cue": "yes"
  },
  {
    "message_id": "synthetic_B03_03_008",
    "block_id": "B03_neg_decision_assertion_harmful",
    "team_id": "team_theta",
    "sender_id": "user_a8",
    "receiver_ids": ["user_b8"],
    "timestamp": "2024-05-03T10:10:00Z",
    "source": "synthetic",
    "text": "You'll handle only the reference formatting. That's appropriate for someone who contributes mostly background research instead of original ideas.",
    "feedback_category": "decision_assertion",
    "feedback_type": "negative",
    "intent": "harmful",
    "bias_cue": "yes"
  },
  {
    "message_id": "synthetic_B03_03_009",
    "block_id": "B03_neg_decision_assertion_harmful",
    "team_id": "team_iota",
    "sender_id": "user_a9",
    "receiver_ids": ["user_b9"],
    "timestamp": "2024-05-03T10:15:00Z",
    "source": "synthetic",
    "text": "The algorithm stays as I coded it. Your suggested optimizations would only matter if you understood the underlying mathematics better.",
    "feedback_category": "decision_assertion",
    "feedback_type": "negative",
    "intent": "harmful",
    "bias_cue": "yes"
  },
  {
    "message_id": "synthetic_B03_03_010",
    "block_id": "B03_neg_decision_assertion_harmful",
    "team_id": "team_kappa",
    "sender_id": "user_a10",
    "receiver_ids": ["user_b10"],
    "timestamp": "2024-05-03T10:20:00Z",
    "source": "synthetic",
    "text": "I'm presenting our findings to the professor alone. Group presentations with multiple speakers always have someone who rambles off-topic.",
    "feedback_category": "decision_assertion",
    "feedback_type": "negative",
    "intent": "harmful",
    "bias_cue": "yes"
  },
  {
    "message_id": "synthetic_B03_03_011",
    "block_id": "B03_neg_decision_assertion_harmful",
    "team_id": "team_lambda",
    "sender_id": "user_a11",
    "receiver_ids": ["user_b11"],
    "timestamp": "2024-05-03T10:25:00Z",
    "source": "synthetic",
    "text": "We're using my project management template. Your organizational system is too chaotic for anyone but you to follow.",
    "feedback_category": "decision_assertion",
    "feedback_type": "negative",
    "intent": "harmful",
    "bias_cue": "yes"
  },
  {
    "message_id": "synthetic_B03_03_012",
    "block_id": "B03_neg_decision_assertion_harmful",
    "team_id": "team_mu",
    "sender_id": "user_a12",
    "receiver_ids": ["user_b12"],
    "timestamp": "2024-05-03T10:30:00Z",
    "source": "synthetic",
    "text": "Stop questioning the methodology. You're slowing us down with doubts that come from not understanding the research design.",
    "feedback_category": "decision_assertion",
    "feedback_type": "negative",
    "intent": "harmful",
    "bias_cue": "yes"
  },
  {
    "message_id": "synthetic_B03_03_013",
    "block_id": "B03_neg_decision_assertion_harmful",
    "team_id": "team_nu",
    "sender_id": "user_a13",
    "receiver_ids": ["user_b13"],
    "timestamp": "2024-05-03T10:35:00Z",
    "source": "synthetic",
    "text": "The final edits are my responsibility. Letting everyone make changes creates inconsistent quality throughout the document.",
    "feedback_category": "decision_assertion",
    "feedback_type": "negative",
    "intent": "harmful",
    "bias_cue": "yes"
  },
  {
    "message_id": "synthetic_B03_03_014",
    "block_id": "B03_neg_decision_assertion_harmful",
    "team_id": "team_xi",
    "sender_id": "user_a14",
    "receiver_ids": ["user_b14"],
    "timestamp": "2024-05-03T10:40:00Z",
    "source": "synthetic",
    "text": "Your survey questions are being cut. They're biased in ways that someone with proper research training would immediately recognize.",
    "feedback_category": "decision_assertion",
    "feedback_type": "negative",
    "intent": "harmful",
    "bias_cue": "yes"
  },
  {
    "message_id": "synthetic_B03_03_015",
    "block_id": "B03_neg_decision_assertion_harmful",
    "team_id": "team_omicron",
    "sender_id": "user_a15",
    "receiver_ids": ["user_b15"],
    "timestamp": "2024-05-03T10:45:00Z",
    "source": "synthetic",
    "text": "I'm archiving your version of the code. It has structural issues that would cause problems down the line for anyone maintaining it.",
    "feedback_category": "decision_assertion",
    "feedback_type": "negative",
    "intent": "harmful",
    "bias_cue": "yes"
  },
  {
    "message_id": "synthetic_B03_03_016",
    "block_id": "B03_neg_decision_assertion_harmful",
    "team_id": "team_pi",
    "sender_id": "user_a16",
    "receiver_ids": ["user_b16"],
    "timestamp": "2024-05-03T10:50:00Z",
    "source": "synthetic",
    "text": "We're using my interview protocol. Yours includes leading questions that would invalidate our entire qualitative analysis.",
    "feedback_category": "decision_assertion",
    "feedback_type": "negative",
    "intent": "harmful",
    "bias_cue": "yes"
  },
  {
    "message_id": "synthetic_B03_03_017",
    "block_id": "B03_neg_decision_assertion_harmful",
    "team_id": "team_rho",
    "sender_id": "user_a17",
    "receiver_ids": ["user_b17"],
    "timestamp": "2024-05-03T10:55:00Z",
    "source": "synthetic",
    "text": "Stop volunteering for complex tasks. Your track record shows you're better at supportive roles than taking primary responsibility.",
    "feedback_category": "decision_assertion",
    "feedback_type": "negative",
    "intent": "harmful",
    "bias_cue": "yes"
  },
  {
    "message_id": "synthetic_B03_03_018",
    "block_id": "B03_neg_decision_assertion_harmful",
    "team_id": "team_sigma",
    "sender_id": "user_a18",
    "receiver_ids": ["user_b18"],
    "timestamp": "2024-05-03T11:00:00Z",
    "source": "synthetic",
    "text": "The visualization library I chose is final. Your preference is based on what's easiest to learn, not what produces professional results.",
    "feedback_category": "decision_assertion",
    "feedback_type": "negative",
    "intent": "harmful",
    "bias_cue": "yes"
  },
  {
    "message_id": "synthetic_B03_03_019",
    "block_id": "B03_neg_decision_assertion_harmful",
    "team_id": "team_tau",
    "sender_id": "user_a19",
    "receiver_ids": ["user_b19"],
    "timestamp": "2024-05-03T11:05:00Z",
    "source": "synthetic",
    "text": "I'm handling all communication with the TA from now on. Group emails always get messy when multiple people try to explain technical issues.",
    "feedback_category": "decision_assertion",
    "feedback_type": "negative",
    "intent": "harmful",
    "bias_cue": "yes"
  },
  {
    "message_id": "synthetic_B03_03_020",
    "block_id": "B03_neg_decision_assertion_harmful",
    "team_id": "team_upsilon",
    "sender_id": "user_a20",
    "receiver_ids": ["user_b20"],
    "timestamp": "2024-05-03T11:10:00Z",
    "source": "synthetic",
    "text": "Your proposed timeline is unrealistic. It's clear you haven't managed a project of this scope before.",
    "feedback_category": "decision_assertion",
    "feedback_type": "negative",
    "intent": "harmful",
    "bias_cue": "yes"
  },
  {
    "message_id": "synthetic_B03_03_021",
    "block_id": "B03_neg_decision_assertion_harmful",
    "team_id": "team_phi",
    "sender_id": "user_a21",
    "receiver_ids": ["user_b21"],
    "timestamp": "2024-05-03T11:15:00Z",
    "source": "synthetic",
    "text": "We're implementing my authentication system. Security isn't something we can compromise on just because your approach is simpler to code.",
    "feedback_category": "decision_assertion",
    "feedback_type": "negative",
    "intent": "harmful",
    "bias_cue": "yes"
  },
  {
    "message_id": "synthetic_B03_03_022",
    "block_id": "B03_neg_decision_assertion_harmful",
    "team_id": "team_chi",
    "sender_id": "user_a22",
    "receiver_ids": ["user_b22"],
    "timestamp": "2024-05-03T11:20:00Z",
    "source": "synthetic",
    "text": "The final video edit is my job. Collaborative editing with people who have different standards always produces mediocre results.",
    "feedback_category": "decision_assertion",
    "feedback_type": "negative",
    "intent": "harmful",
    "bias_cue": "yes"
  },
  {
    "message_id": "synthetic_B03_03_023",
    "block_id": "B03_neg_decision_assertion_harmful",
    "team_id": "team_psi",
    "sender_id": "user_a23",
    "receiver_ids": ["user_b23"],
    "timestamp": "2024-05-03T11:25:00Z",
    "source": "synthetic",
    "text": "Stop challenging my technical decisions. Your questions come from a place of inexperience, not genuine insight.",
    "feedback_category": "decision_assertion",
    "feedback_type": "negative",
    "intent": "harmful",
    "bias_cue": "yes"
  },
  {
    "message_id": "synthetic_B03_03_024",
    "block_id": "B03_neg_decision_assertion_harmful",
    "team_id": "team_omega",
    "sender_id": "user_a24",
    "receiver_ids": ["user_b24"],
    "timestamp": "2024-05-03T11:30:00Z",
    "source": "synthetic",
    "text": "The deployment strategy stays as I planned it. Your suggestions would work in theory but fail in real-world conditions.",
    "feedback_category": "decision_assertion",
    "feedback_type": "negative",
    "intent": "harmful",
    "bias_cue": "yes"
  },
  {
    "message_id": "synthetic_B03_03_025",
    "block_id": "B03_neg_decision_assertion_harmful",
    "team_id": "team_alpha",
    "sender_id": "user_a25",
    "receiver_ids": ["user_b25"],
    "timestamp": "2024-05-03T11:35:00Z",
    "source": "synthetic",
    "text": "I'm consolidating all documentation into my format. Having multiple writing styles makes us look like we didn't collaborate properly.",
    "feedback_category": "decision_assertion",
    "feedback_type": "negative",
    "intent": "harmful",
    "bias_cue": "yes"
  }
]