[
  {
    "message_id": "synthetic_Bneutral_other_01_001",
    "block_id": "B_neutral_other",
    "team_id": "team_10",
    "sender_id": "user_1",
    "receiver_ids": ["user_2", "user_3", "user_4", "user_5"],
    "timestamp": "2024-05-03T09:35:00Z",
    "source": "synthetic",
    "text": "The shared document has been updated with the latest version.",
    "feedback_category": "other",
    "feedback_type": "neutral",
    "intent": "neutral",
    "bias_cue": "no"
  },
  {
    "message_id": "synthetic_Bneutral_other_01_002",
    "block_id": "B_neutral_other",
    "team_id": "team_10",
    "sender_id": "user_2",
    "receiver_ids": ["user_1", "user_3", "user_4", "user_5"],
    "timestamp": "2024-05-03T09:35:00Z",
    "source": "synthetic",
    "text": "The meeting link is now active in the calendar invite.",
    "feedback_category": "other",
    "feedback_type": "neutral",
    "intent": "neutral",
    "bias_cue": "no"
  },
  {
    "message_id": "synthetic_Bneutral_other_01_003",
    "block_id": "B_neutral_other",
    "team_id": "team_10",
    "sender_id": "user_3",
    "receiver_ids": ["user_1", "user_2", "user_4", "user_5"],
    "timestamp": "2024-05-03T09:35:00Z",
    "source": "synthetic",
    "text": "All project files are located in the designated team folder.",
    "feedback_category": "other",
    "feedback_type": "neutral",
    "intent": "neutral",
    "bias_cue": "no"
  },
  {
    "message_id": "synthetic_Bneutral_other_01_004",
    "block_id": "B_neutral_other",
    "team_id": "team_10",
    "sender_id": "user_4",
    "receiver_ids": ["user_1", "user_2", "user_3", "user_5"],
    "timestamp": "2024-05-03T09:35:00Z",
    "source": "synthetic",
    "text": "The data collection phase concluded yesterday.",
    "feedback_category": "other",
    "feedback_type": "neutral",
    "intent": "neutral",
    "bias_cue": "no"
  },
  {
    "message_id": "synthetic_Bneutral_other_01_005",
    "block_id": "B_neutral_other",
    "team_id": "team_10",
    "sender_id": "user_5",
    "receiver_ids": ["user_1", "user_2", "user_3", "user_4"],
    "timestamp": "2024-05-03T09:35:00Z",
    "source": "synthetic",
    "text": "The final presentation template is available for use.",
    "feedback_category": "other",
    "feedback_type": "neutral",
    "intent": "neutral",
    "bias_cue": "no"
  },
  {
    "message_id": "synthetic_Bneutral_other_01_006",
    "block_id": "B_neutral_other",
    "team_id": "team_10",
    "sender_id": "user_1",
    "receiver_ids": ["user_2", "user_3", "user_4", "user_5"],
    "timestamp": "2024-05-03T09:35:00Z",
    "source": "synthetic",
    "text": "The software license for the analysis tool has been activated.",
    "feedback_category": "other",
    "feedback_type": "neutral",
    "intent": "neutral",
    "bias_cue": "no"
  },
  {
    "message_id": "synthetic_Bneutral_other_01_007",
    "block_id": "B_neutral_other",
    "team_id": "team_10",
    "sender_id": "user_2",
    "receiver_ids": ["user_1", "user_3", "user_4", "user_5"],
    "timestamp": "2024-05-03T09:35:00Z",
    "source": "synthetic",
    "text": "The survey responses have been compiled into a single dataset.",
    "feedback_category": "other",
    "feedback_type": "neutral",
    "intent": "neutral",
    "bias_cue": "no"
  },
  {
    "message_id": "synthetic_Bneutral_other_01_008",
    "block_id": "B_neutral_other",
    "team_id": "team_10",
    "sender_id": "user_3",
    "receiver_ids": ["user_1", "user_2", "user_4", "user_5"],
    "timestamp": "2024-05-03T09:35:00Z",
    "source": "synthetic",
    "text": "The project repository has been backed up as scheduled.",
    "feedback_category": "other",
    "feedback_type": "neutral",
    "intent": "neutral",
    "bias_cue": "no"
  },
  {
    "message_id": "synthetic_Bneutral_other_01_009",
    "block_id": "B_neutral_other",
    "team_id": "team_10",
    "sender_id": "user_4",
    "receiver_ids": ["user_1", "user_2", "user_3", "user_5"],
    "timestamp": "2024-05-03T09:35:00Z",
    "source": "synthetic",
    "text": "The meeting recording is stored in the shared drive.",
    "feedback_category": "other",
    "feedback_type": "neutral",
    "intent": "neutral",
    "bias_cue": "no"
  },
  {
    "message_id": "synthetic_Bneutral_other_01_010",
    "block_id": "B_neutral_other",
    "team_id": "team_10",
    "sender_id": "user_5",
    "receiver_ids": ["user_1", "user_2", "user_3", "user_4"],
    "timestamp": "2024-05-03T09:35:00Z",
    "source": "synthetic",
    "text": "The prototype materials have been delivered to the lab.",
    "feedback_category": "other",
    "feedback_type": "neutral",
    "intent": "neutral",
    "bias_cue": "no"
  },
  {
    "message_id": "synthetic_Bneutral_other_01_011",
    "block_id": "B_neutral_other",
    "team_id": "team_10",
    "sender_id": "user_1",
    "receiver_ids": ["user_2", "user_3", "user_4", "user_5"],
    "timestamp": "2024-05-03T09:35:00Z",
    "source": "synthetic",
    "text": "The weekly progress report has been submitted to the portal.",
    "feedback_category": "other",
    "feedback_type": "neutral",
    "intent": "neutral",
    "bias_cue": "no"
  },
  {
    "message_id": "synthetic_Bneutral_other_01_012",
    "block_id": "B_neutral_other",
    "team_id": "team_10",
    "sender_id": "user_2",
    "receiver_ids": ["user_1", "user_3", "user_4", "user_5"],
    "timestamp": "2024-05-03T09:35:00Z",
    "source": "synthetic",
    "text": "The calibration of the equipment is complete.",
    "feedback_category": "other",
    "feedback_type": "neutral",
    "intent": "neutral",
    "bias_cue": "no"
  },
  {
    "message_id": "synthetic_Bneutral_other_01_013",
    "block_id": "B_neutral_other",
    "team_id": "team_10",
    "sender_id": "user_3",
    "receiver_ids": ["user_1", "user_2", "user_4", "user_5"],
    "timestamp": "2024-05-03T09:35:00Z",
    "source": "synthetic",
    "text": "The consent forms have been archived according to the protocol.",
    "feedback_category": "other",
    "feedback_type": "neutral",
    "intent": "neutral",
    "bias_cue": "no"
  },
  {
    "message_id": "synthetic_Bneutral_other_01_014",
    "block_id": "B_neutral_other",
    "team_id": "team_10",
    "sender_id": "user_4",
    "receiver_ids": ["user_1", "user_2", "user_3", "user_5"],
    "timestamp": "2024-05-03T09:35:00Z",
    "source": "synthetic",
    "text": "The literature review database is accessible to all team members.",
    "feedback_category": "other",
    "feedback_type": "neutral",
    "intent": "neutral",
    "bias_cue": "no"
  },
  {
    "message_id": "synthetic_Bneutral_other_01_015",
    "block_id": "B_neutral_other",
    "team_id": "team_10",
    "sender_id": "user_5",
    "receiver_ids": ["user_1", "user_2", "user_3", "user_4"],
    "timestamp": "2024-05-03T09:35:00Z",
    "source": "synthetic",
    "text": "The project timeline was shared in the previous email.",
    "feedback_category": "other",
    "feedback_type": "neutral",
    "intent": "neutral",
    "bias_cue": "no"
  },
  {
    "message_id": "synthetic_Bneutral_other_01_016",
    "block_id": "B_neutral_other",
    "team_id": "team_10",
    "sender_id": "user_1",
    "receiver_ids": ["user_2", "user_3", "user_4", "user_5"],
    "timestamp": "2024-05-03T09:35:00Z",
    "source": "synthetic",
    "text": "The code has been merged into the main branch.",
    "feedback_category": "other",
    "feedback_type": "neutral",
    "intent": "neutral",
    "bias_cue": "no"
  },
  {
    "message_id": "synthetic_Bneutral_other_01_017",
    "block_id": "B_neutral_other",
    "team_id": "team_10",
    "sender_id": "user_2",
    "receiver_ids": ["user_1", "user_3", "user_4", "user_5"],
    "timestamp": "2024-05-03T09:35:00Z",
    "source": "synthetic",
    "text": "The dataset is now available in the required format.",
    "feedback_category": "other",
    "feedback_type": "neutral",
    "intent": "neutral",
    "bias_cue": "no"
  },
  {
    "message_id": "synthetic_Bneutral_other_01_018",
    "block_id": "B_neutral_other",
    "team_id": "team_10",
    "sender_id": "user_3",
    "receiver_ids": ["user_1", "user_2", "user_4", "user_5"],
    "timestamp": "2024-05-03T09:35:00Z",
    "source": "synthetic",
    "text": "The room for the final presentation has been confirmed.",
    "feedback_category": "other",
    "feedback_type": "neutral",
    "intent": "neutral",
    "bias_cue": "no"
  },
  {
    "message_id": "synthetic_Bneutral_other_01_019",
    "block_id": "B_neutral_other",
    "team_id": "team_10",
    "sender_id": "user_4",
    "receiver_ids": ["user_1", "user_2", "user_3", "user_5"],
    "timestamp": "2024-05-03T09:35:00Z",
    "source": "synthetic",
    "text": "The peer review feedback window is now closed.",
    "feedback_category": "other",
    "feedback_type": "neutral",
    "intent": "neutral",
    "bias_cue": "no"
  },
  {
    "message_id": "synthetic_Bneutral_other_01_020",
    "block_id": "B_neutral_other",
    "team_id": "team_10",
    "sender_id": "user_5",
    "receiver_ids": ["user_1", "user_2", "user_3", "user_4"],
    "timestamp": "2024-05-03T09:35:00Z",
    "source": "synthetic",
    "text": "The project budget document is located in the financial folder.",
    "feedback_category": "other",
    "feedback_type": "neutral",
    "intent": "neutral",
    "bias_cue": "no"
  },
  {
    "message_id": "synthetic_Bneutral_other_01_021",
    "block_id": "B_neutral_other",
    "team_id": "team_10",
    "sender_id": "user_1",
    "receiver_ids": ["user_2", "user_3", "user_4", "user_5"],
    "timestamp": "2024-05-03T09:35:00Z",
    "source": "synthetic",
    "text": "The system maintenance was completed during the scheduled time.",
    "feedback_category": "other",
    "feedback_type": "neutral",
    "intent": "neutral",
    "bias_cue": "no"
  },
  {
    "message_id": "synthetic_Bneutral_other_01_022",
    "block_id": "B_neutral_other",
    "team_id": "team_10",
    "sender_id": "user_2",
    "receiver_ids": ["user_1", "user_3", "user_4", "user_5"],
    "timestamp": "2024-05-03T09:35:00Z",
    "source": "synthetic",
    "text": "The presentation slides have been uploaded to the shared drive.",
    "feedback_category": "other",
    "feedback_type": "neutral",
    "intent": "neutral",
    "bias_cue": "no"
  },
  {
    "message_id": "synthetic_Bneutral_other_01_023",
    "block_id": "B_neutral_other",
    "team_id": "team_10",
    "sender_id": "user_3",
    "receiver_ids": ["user_1", "user_2", "user_4", "user_5"],
    "timestamp": "2024-05-03T09:35:00Z",
    "source": "synthetic",
    "text": "The testing environment has been set up as specified.",
    "feedback_category": "other",
    "feedback_type": "neutral",
    "intent": "neutral",
    "bias_cue": "no"
  },
  {
    "message_id": "synthetic_Bneutral_other_01_024",
    "block_id": "B_neutral_other",
    "team_id": "team_10",
    "sender_id": "user_4",
    "receiver_ids": ["user_1", "user_2", "user_3", "user_5"],
    "timestamp": "2024-05-03T09:35:00Z",
    "source": "synthetic",
    "text": "The final submission deadline is listed in the course syllabus.",
    "feedback_category": "other",
    "feedback_type": "neutral",
    "intent": "neutral",
    "bias_cue": "no"
  },
  {
    "message_id": "synthetic_Bneutral_other_01_025",
    "block_id": "B_neutral_other",
    "team_id": "team_10",
    "sender_id": "user_5",
    "receiver_ids": ["user_1", "user_2", "user_3", "user_4"],
    "timestamp": "2024-05-03T09:35:00Z",
    "source": "synthetic",
    "text": "The project logbook entries have been synchronized.",
    "feedback_category": "other",
    "feedback_type": "neutral",
    "intent": "neutral",
    "bias_cue": "no"
  },
  {
    "message_id": "synthetic_Bneutral_other_01_001",
    "block_id": "B_neutral_other",
    "team_id": "team_11",
    "sender_id": "user_1",
    "receiver_ids": ["user_2", "user_3", "user_4", "user_5"],
    "timestamp": "2024-05-03T09:35:00Z",
    "source": "synthetic",
    "text": "The lab equipment reservation has been confirmed for next Tuesday.",
    "feedback_category": "other",
    "feedback_type": "neutral",
    "intent": "neutral",
    "bias_cue": "no"
  },
  {
    "message_id": "synthetic_Bneutral_other_01_002",
    "block_id": "B_neutral_other",
    "team_id": "team_11",
    "sender_id": "user_2",
    "receiver_ids": ["user_1", "user_3", "user_4", "user_5"],
    "timestamp": "2024-05-03T09:35:00Z",
    "source": "synthetic",
    "text": "The dataset backup process completed without errors.",
    "feedback_category": "other",
    "feedback_type": "neutral",
    "intent": "neutral",
    "bias_cue": "no"
  },
  {
    "message_id": "synthetic_Bneutral_other_01_003",
    "block_id": "B_neutral_other",
    "team_id": "team_11",
    "sender_id": "user_3",
    "receiver_ids": ["user_1", "user_2", "user_4", "user_5"],
    "timestamp": "2024-05-03T09:35:00Z",
    "source": "synthetic",
    "text": "The required textbook is now available in the course library.",
    "feedback_category": "other",
    "feedback_type": "neutral",
    "intent": "neutral",
    "bias_cue": "no"
  },
  {
    "message_id": "synthetic_Bneutral_other_01_004",
    "block_id": "B_neutral_other",
    "team_id": "team_11",
    "sender_id": "user_4",
    "receiver_ids": ["user_1", "user_2", "user_3", "user_5"],
    "timestamp": "2024-05-03T09:35:00Z",
    "source": "synthetic",
    "text": "The video conference system has been updated to the latest version.",
    "feedback_category": "other",
    "feedback_type": "neutral",
    "intent": "neutral",
    "bias_cue": "no"
  },
  {
    "message_id": "synthetic_Bneutral_other_01_005",
    "block_id": "B_neutral_other",
    "team_id": "team_11",
    "sender_id": "user_5",
    "receiver_ids": ["user_1", "user_2", "user_3", "user_4"],
    "timestamp": "2024-05-03T09:35:00Z",
    "source": "synthetic",
    "text": "The final exam schedule was posted on the university portal.",
    "feedback_category": "other",
    "feedback_type": "neutral",
    "intent": "neutral",
    "bias_cue": "no"
  },
  {
    "message_id": "synthetic_Bneutral_other_01_006",
    "block_id": "B_neutral_other",
    "team_id": "team_11",
    "sender_id": "user_1",
    "receiver_ids": ["user_2", "user_3", "user_4", "user_5"],
    "timestamp": "2024-05-03T09:35:00Z",
    "source": "synthetic",
    "text": "The simulation software license has been renewed for another semester.",
    "feedback_category": "other",
    "feedback_type": "neutral",
    "intent": "neutral",
    "bias_cue": "no"
  },
  {
    "message_id": "synthetic_Bneutral_other_01_007",
    "block_id": "B_neutral_other",
    "team_id": "team_11",
    "sender_id": "user_2",
    "receiver_ids": ["user_1", "user_3", "user_4", "user_5"],
    "timestamp": "2024-05-03T09:35:00Z",
    "source": "synthetic",
    "text": "The printer in the student lab is now operational.",
    "feedback_category": "other",
    "feedback_type": "neutral",
    "intent": "neutral",
    "bias_cue": "no"
  },
  {
    "message_id": "synthetic_Bneutral_other_01_008",
    "block_id": "B_neutral_other",
    "team_id": "team_11",
    "sender_id": "user_3",
    "receiver_ids": ["user_1", "user_2", "user_4", "user_5"],
    "timestamp": "2024-05-03T09:35:00Z",
    "source": "synthetic",
    "text": "The project submission portal is open for uploads.",
    "feedback_category": "other",
    "feedback_type": "neutral",
    "intent": "neutral",
    "bias_cue": "no"
  },
  {
    "message_id": "synthetic_Bneutral_other_01_009",
    "block_id": "B_neutral_other",
    "team_id": "team_11",
    "sender_id": "user_4",
    "receiver_ids": ["user_1", "user_2", "user_3", "user_5"],
    "timestamp": "2024-05-03T09:35:00Z",
    "source": "synthetic",
    "text": "The academic calendar has been updated with the new holiday dates.",
    "feedback_category": "other",
    "feedback_type": "neutral",
    "intent": "neutral",
    "bias_cue": "no"
  },
  {
    "message_id": "synthetic_Bneutral_other_01_010",
    "block_id": "B_neutral_other",
    "team_id": "team_11",
    "sender_id": "user_5",
    "receiver_ids": ["user_1", "user_2", "user_3", "user_4"],
    "timestamp": "2024-05-03T09:35:00Z",
    "source": "synthetic",
    "text": "The workshop materials have been distributed to all registered participants.",
    "feedback_category": "other",
    "feedback_type": "neutral",
    "intent": "neutral",
    "bias_cue": "no"
  },
  {
    "message_id": "synthetic_Bneutral_other_01_011",
    "block_id": "B_neutral_other",
    "team_id": "team_11",
    "sender_id": "user_1",
    "receiver_ids": ["user_2", "user_3", "user_4", "user_5"],
    "timestamp": "2024-05-03T09:35:00Z",
    "source": "synthetic",
    "text": "The campus network maintenance has been completed.",
    "feedback_category": "other",
    "feedback_type": "neutral",
    "intent": "neutral",
    "bias_cue": "no"
  },
  {
    "message_id": "synthetic_Bneutral_other_01_012",
    "block_id": "B_neutral_other",
    "team_id": "team_11",
    "sender_id": "user_2",
    "receiver_ids": ["user_1", "user_3", "user_4", "user_5"],
    "timestamp": "2024-05-03T09:35:00Z",
    "source": "synthetic",
    "text": "The library's online database access has been restored.",
    "feedback_category": "other",
    "feedback_type": "neutral",
    "intent": "neutral",
    "bias_cue": "no"
  },
  {
    "message_id": "synthetic_Bneutral_other_01_013",
    "block_id": "B_neutral_other",
    "team_id": "team_11",
    "sender_id": "user_3",
    "receiver_ids": ["user_1", "user_2", "user_4", "user_5"],
    "timestamp": "2024-05-03T09:35:00Z",
    "source": "synthetic",
    "text": "The project room booking has been extended until the end of the month.",
    "feedback_category": "other",
    "feedback_type": "neutral",
    "intent": "neutral",
    "bias_cue": "no"
  },
  {
    "message_id": "synthetic_Bneutral_other_01_014",
    "block_id": "B_neutral_other",
    "team_id": "team_11",
    "sender_id": "user_4",
    "receiver_ids": ["user_1", "user_2", "user_3", "user_5"],
    "timestamp": "2024-05-03T09:35:00Z",
    "source": "synthetic",
    "text": "The required software update has been installed on all lab computers.",
    "feedback_category": "other",
    "feedback_type": "neutral",
    "intent": "neutral",
    "bias_cue": "no"
  },
  {
    "message_id": "synthetic_Bneutral_other_01_015",
    "block_id": "B_neutral_other",
    "team_id": "team_11",
    "sender_id": "user_5",
    "receiver_ids": ["user_1", "user_2", "user_3", "user_4"],
    "timestamp": "2024-05-03T09:35:00Z",
    "source": "synthetic",
    "text": "The guest lecture has been rescheduled to next week.",
    "feedback_category": "other",
    "feedback_type": "neutral",
    "intent": "neutral",
    "bias_cue": "no"
  },
  {
    "message_id": "synthetic_Bneutral_other_01_016",
    "block_id": "B_neutral_other",
    "team_id": "team_11",
    "sender_id": "user_1",
    "receiver_ids": ["user_2", "user_3", "user_4", "user_5"],
    "timestamp": "2024-05-03T09:35:00Z",
    "source": "synthetic",
    "text": "The online submission system is now accepting late assignments.",
    "feedback_category": "other",
    "feedback_type": "neutral",
    "intent": "neutral",
    "bias_cue": "no"
  },
  {
    "message_id": "synthetic_Bneutral_other_01_017",
    "block_id": "B_neutral_other",
    "team_id": "team_11",
    "sender_id": "user_2",
    "receiver_ids": ["user_1", "user_3", "user_4", "user_5"],
    "timestamp": "2024-05-03T09:35:00Z",
    "source": "synthetic",
    "text": "The department has issued new guidelines for lab safety.",
    "feedback_category": "other",
    "feedback_type": "neutral",
    "intent": "neutral",
    "bias_cue": "no"
  },
  {
    "message_id": "synthetic_Bneutral_other_01_018",
    "block_id": "B_neutral_other",
    "team_id": "team_11",
    "sender_id": "user_3",
    "receiver_ids": ["user_1", "user_2", "user_4", "user_5"],
    "timestamp": "2024-05-03T09:35:00Z",
    "source": "synthetic",
    "text": "The course evaluation survey is now available online.",
    "feedback_category": "other",
    "feedback_type": "neutral",
    "intent": "neutral",
    "bias_cue": "no"
  },
  {
    "message_id": "synthetic_Bneutral_other_01_019",
    "block_id": "B_neutral_other",
    "team_id": "team_11",
    "sender_id": "user_4",
    "receiver_ids": ["user_1", "user_2", "user_3", "user_5"],
    "timestamp": "2024-05-03T09:35:00Z",
    "source": "synthetic",
    "text": "The student ID card access has been activated for the new building.",
    "feedback_category": "other",
    "feedback_type": "neutral",
    "intent": "neutral",
    "bias_cue": "no"
  },
  {
    "message_id": "synthetic_Bneutral_other_01_020",
    "block_id": "B_neutral_other",
    "team_id": "team_11",
    "sender_id": "user_5",
    "receiver_ids": ["user_1", "user_2", "user_3", "user_4"],
    "timestamp": "2024-05-03T09:35:00Z",
    "source": "synthetic",
    "text": "The internship application deadline has been extended by one week.",
    "feedback_category": "other",
    "feedback_type": "neutral",
    "intent": "neutral",
    "bias_cue": "no"
  },
  {
    "message_id": "synthetic_Bneutral_other_01_021",
    "block_id": "B_neutral_other",
    "team_id": "team_11",
    "sender_id": "user_1",
    "receiver_ids": ["user_2", "user_3", "user_4", "user_5"],
    "timestamp": "2024-05-03T09:35:00Z",
    "source": "synthetic",
    "text": "The research ethics approval for the project has been granted.",
    "feedback_category": "other",
    "feedback_type": "neutral",
    "intent": "neutral",
    "bias_cue": "no"
  },
  {
    "message_id": "synthetic_Bneutral_other_01_022",
    "block_id": "B_neutral_other",
    "team_id": "team_11",
    "sender_id": "user_2",
    "receiver_ids": ["user_1", "user_3", "user_4", "user_5"],
    "timestamp": "2024-05-03T09:35:00Z",
    "source": "synthetic",
    "text": "The university has announced the new semester start date.",
    "feedback_category": "other",
    "feedback_type": "neutral",
    "intent": "neutral",
    "bias_cue": "no"
  },
  {
    "message_id": "synthetic_Bneutral_other_01_023",
    "block_id": "B_neutral_other",
    "team_id": "team_11",
    "sender_id": "user_3",
    "receiver_ids": ["user_1", "user_2", "user_4", "user_5"],
    "timestamp": "2024-05-03T09:35:00Z",
    "source": "synthetic",
    "text": "The video recording of the lecture has been posted on the course website.",
    "feedback_category": "other",
    "feedback_type": "neutral",
    "intent": "neutral",
    "bias_cue": "no"
  },
  {
    "message_id": "synthetic_Bneutral_other_01_024",
    "block_id": "B_neutral_other",
    "team_id": "team_11",
    "sender_id": "user_4",
    "receiver_ids": ["user_1", "user_2", "user_3", "user_5"],
    "timestamp": "2024-05-03T09:35:00Z",
    "source": "synthetic",
    "text": "The new edition of the course textbook is now in stock at the bookstore.",
    "feedback_category": "other",
    "feedback_type": "neutral",
    "intent": "neutral",
    "bias_cue": "no"
  },
  {
    "message_id": "synthetic_Bneutral_other_01_025",
    "block_id": "B_neutral_other",
    "team_id": "team_11",
    "sender_id": "user_5",
    "receiver_ids": ["user_1", "user_2", "user_3", "user_4"],
    "timestamp": "2024-05-03T09:35:00Z",
    "source": "synthetic",
    "text": "The online group chat for the project has been created.",
    "feedback_category": "other",
    "feedback_type": "neutral",
    "intent": "neutral",
    "bias_cue": "no"
  }

]