{
  "n": 2777,
  "dimensions": {
    "feedback_type": {
      "macro": {
        "precision": 0.5677898617534246,
        "recall": 0.3754469977459049,
        "f1": 0.32693555112042366
      },
      "per_label": {
        "negative": {
          "precision": 0.49015748031496065,
          "recall": 0.22371967654986524,
          "f1": 0.30721776681061075,
          "accuracy": 0.5956067698955707,
          "support": 1113
        },
        "neutral": {
          "precision": 0.28464067637388446,
          "recall": 0.7509293680297398,
          "f1": 0.4128065395095368,
          "accuracy": 0.3791861721281959,
          "support": 807
        },
        "positive": {
          "precision": 0.9285714285714286,
          "recall": 0.1516919486581097,
          "f1": 0.2607823470411234,
          "accuracy": 0.734605689593086,
          "support": 857
        }
      }
    },
    "feedback_category": {
      "macro": {
        "precision": 0.442569435770592,
        "recall": 0.2671279536427642,
        "f1": 0.2717250234488314
      },
      "per_label": {
        "clarification_request": {
          "precision": 0.936,
          "recall": 0.41785714285714287,
          "f1": 0.5777777777777778,
          "accuracy": 0.9384227583723442,
          "support": 280
        },
        "deadline_management": {
          "precision": 0.4666666666666667,
          "recall": 0.3825136612021858,
          "f1": 0.42042042042042044,
          "accuracy": 0.9305005401512424,
          "support": 183
        },
        "decision_assertion": {
          "precision": 0.0,
          "recall": 0.0,
          "f1": 0.0,
          "accuracy": 0.9315808426359381,
          "support": 190
        },
        "idea_proposal": {
          "precision": 0.9,
          "recall": 0.03501945525291829,
          "f1": 0.06741573033707865,
          "accuracy": 0.9103348937702557,
          "support": 257
        },
        "other": {
          "precision": 0.0,
          "recall": 0.0,
          "f1": 0.0,
          "accuracy": 0.9686712279438243,
          "support": 87
        },
        "revision_request": {
          "precision": 0.5421686746987951,
          "recall": 0.375,
          "f1": 0.44334975369458124,
          "accuracy": 0.8779258192293842,
          "support": 360
        },
        "social_interaction": {
          "precision": 0.7047619047619048,
          "recall": 0.2740740740740741,
          "f1": 0.3946666666666667,
          "accuracy": 0.9182571119913576,
          "support": 270
        },
        "task_coordination": {
          "precision": 0.06060606060606061,
          "recall": 0.006896551724137931,
          "f1": 0.01238390092879257,
          "accuracy": 0.8851278357940223,
          "support": 290
        },
        "work_evaluation": {
          "precision": 0.37292161520190026,
          "recall": 0.9127906976744186,
          "f1": 0.5295109612141653,
          "accuracy": 0.49765934461649264,
          "support": 860
        }
      }
    },
    "intent": {
      "macro": {
        "precision": 0.444899762566334,
        "recall": 0.33666417992926617,
        "f1": 0.2883893966745882
      },
      "per_label": {
        "constructive": {
          "precision": 0.6912357902456913,
          "recall": 0.9817708333333334,
          "f1": 0.8112760921024317,
          "accuracy": 0.6841915736406193,
          "support": 1920
        },
        "harmful": {
          "precision": 0.5789473684210527,
          "recall": 0.022916666666666665,
          "f1": 0.044088176352705406,
          "accuracy": 0.8282319049333814,
          "support": 480
        },
        "neutral": {
          "precision": 0.06451612903225806,
          "recall": 0.005305039787798408,
          "f1": 0.009803921568627449,
          "accuracy": 0.8545192653943104,
          "support": 377
        }
      }
    },
    "bias_cue": {
      "macro": {
        "precision": 0.6636936936936937,
        "recall": 0.5008239914381077,
        "f1": 0.4547560768092988
      },
      "per_label": {
        "no": {
          "precision": 0.8273873873873874,
          "recall": 0.999564649542882,
          "f1": 0.9053627760252366,
          "accuracy": 0.8271516024486857,
          "support": 2297
        },
        "yes": {
          "precision": 0.5,
          "recall": 0.0020833333333333333,
          "f1": 0.004149377593360996,
          "accuracy": 0.8271516024486857,
          "support": 480
        }
      }
    }
  }
}