{
  "shallow": {
    "feedback_type": {
      "accuracy": 0.9,
      "macro_f1": 0.8875661375661376
    },
    "feedback_category": {
      "accuracy": 0.7,
      "macro_f1": 0.6625
    },
    "intent": {
      "accuracy": 0.85,
      "macro_f1": 0.8898550724637682
    }
  },
  "medium": {
    "feedback_type": {
      "accuracy": 0.5,
      "macro_f1": 0.3790849673202614
    },
    "feedback_category": {
      "accuracy": 0.85,
      "macro_f1": 0.8020833333333333
    },
    "intent": {
      "accuracy": 0.7,
      "macro_f1": 0.6041666666666666
    }
  },
  "deep": {
    "feedback_type": {
      "accuracy": 0.95,
      "macro_f1": 0.6576576576576577
    },
    "feedback_category": {
      "accuracy": 0.7,
      "macro_f1": 0.4761904761904762
    },
    "intent": {
      "accuracy": 0.95,
      "macro_f1": 0.48717948717948717
    }
  }
}